timestamp,frame_id,count_left,count_bottom,count_right,count_top,wait_left,wait_bottom,wait_right,wait_top,current_phase,time_in_phase,action,reward
2026-05-10 23:08:44,0,0,0,0,9,1,1,1,1,0,0.0,0,-2.0
2026-05-10 23:08:45,3,1,0,0,9,2,1,2,1,0,0.3,0,-4.0
2026-05-10 23:08:45,6,1,0,0,9,3,1,3,1,0,0.6,0,-5.0
2026-05-10 23:08:46,9,2,0,0,9,4,1,4,1,0,0.9,0,-6.0
2026-05-10 23:08:46,12,2,0,0,9,5,1,5,1,0,1.2,0,-7.0
2026-05-10 23:08:47,15,2,0,0,9,6,1,6,1,0,1.5,0,-7.0
2026-05-10 23:08:47,18,2,0,0,9,7,1,7,1,0,1.8,0,-7.0
2026-05-10 23:08:47,21,2,0,0,9,8,1,8,1,0,2.1,0,-7.0
2026-05-10 23:08:48,24,2,0,0,9,9,1,9,1,0,2.4,0,-7.0
2026-05-10 23:08:48,27,2,0,0,9,10,1,10,1,0,2.7,0,-7.0
2026-05-10 23:08:48,30,3,0,0,9,11,1,11,1,0,3.0,0,-8.0
2026-05-10 23:08:49,33,3,0,0,0,12,1,12,1,0,3.3,0,-6.0
2026-05-10 23:08:49,36,3,0,0,0,13,1,13,1,0,3.6,0,-7.0
2026-05-10 23:08:50,39,3,0,0,0,14,1,14,1,0,3.9,0,-7.0
2026-05-10 23:08:50,42,3,0,0,0,15,1,15,1,0,4.2,0,-7.0
2026-05-10 23:08:50,45,3,0,0,0,16,1,16,1,0,4.5,0,-7.0
2026-05-10 23:08:51,48,3,0,0,0,17,1,17,1,0,4.8,0,-7.0
2026-05-10 23:08:51,51,3,0,0,0,18,1,18,1,0,5.1,0,-7.0
2026-05-10 23:08:52,54,3,0,0,0,19,1,19,1,0,5.4,0,-7.0
2026-05-10 23:08:52,57,3,0,0,0,20,1,20,1,0,5.7,0,-7.0
2026-05-10 23:08:52,60,3,0,0,0,21,1,21,1,0,6.0,0,-7.0
2026-05-10 23:08:53,63,2,0,0,0,22,1,22,1,0,6.3,0,-7.0
2026-05-10 23:08:53,66,2,0,0,0,23,1,23,1,0,6.6,0,-7.0
2026-05-10 23:08:54,69,2,0,0,0,24,1,24,1,0,6.9,0,-6.0
2026-05-10 23:08:54,72,2,0,0,0,25,1,25,1,0,7.2,0,-6.0
2026-05-10 23:08:54,75,1,0,0,0,26,1,26,1,0,7.5,0,-6.0
2026-05-10 23:08:55,78,1,0,0,0,27,1,27,1,0,7.8,0,-7.0
2026-05-10 23:08:55,81,1,0,0,0,28,1,28,1,0,8.1,0,-8.0
2026-05-10 23:08:56,84,1,0,0,0,29,1,29,1,0,8.4,0,-9.0
2026-05-10 23:08:56,87,1,0,0,0,30,1,30,1,0,8.7,0,-9.0
2026-05-10 23:08:56,90,2,0,0,0,31,1,31,1,0,9.0,0,-10.0
2026-05-10 23:08:57,93,2,0,0,0,32,1,32,1,0,9.3,0,-10.0
2026-05-10 23:08:57,96,2,0,0,0,33,1,33,1,0,9.6,0,-11.0
2026-05-10 23:08:58,99,2,0,0,0,34,1,34,1,0,9.9,0,-11.0
2026-05-10 23:08:58,102,2,0,0,0,35,1,35,1,0,10.2,0,-11.0
2026-05-10 23:08:58,105,2,0,0,0,36,1,36,1,0,10.5,0,-11.0
2026-05-10 23:08:59,108,2,0,0,0,37,1,37,1,0,10.8,0,-11.0
2026-05-10 23:08:59,111,3,0,0,0,38,1,38,1,0,11.1,0,-12.0
2026-05-10 23:09:00,114,3,0,0,0,39,1,39,1,0,11.4,0,-11.0
2026-05-10 23:09:00,117,3,0,0,0,40,1,40,1,0,11.7,0,-9.0
2026-05-10 23:09:00,120,3,0,0,0,41,1,41,1,0,12.0,0,-9.0
2026-05-10 23:09:01,123,3,0,0,0,42,1,42,1,0,12.3,0,-9.0
2026-05-10 23:09:01,126,4,0,0,0,43,1,43,1,0,12.6,0,-10.0
2026-05-10 23:09:02,129,4,0,0,0,44,1,44,1,0,12.9,0,-9.0
2026-05-10 23:09:02,132,4,0,0,0,45,1,45,1,0,13.2,0,-10.0
2026-05-10 23:09:02,135,4,0,0,0,46,1,46,1,0,13.5,0,-11.0
2026-05-10 23:09:03,138,4,0,0,0,47,1,47,1,0,13.8,0,-11.0
2026-05-10 23:09:03,141,4,0,0,0,48,1,48,1,0,14.1,0,-10.0
2026-05-10 23:09:04,144,4,0,0,0,0,3,49,3,3,0.0,3,-6.0
2026-05-10 23:09:04,147,4,1,0,0,0,5,50,5,3,0.0,3,-7.0
2026-05-10 23:09:04,150,4,1,0,0,0,7,51,7,3,0.3,3,-7.0
2026-05-10 23:09:05,153,4,1,0,0,0,9,52,9,3,0.6,3,-7.0
2026-05-10 23:09:05,156,4,1,0,0,0,11,53,11,3,0.9,3,-7.0
2026-05-10 23:09:09,159,4,1,0,0,0,13,54,13,3,1.2,3,-11.0
2026-05-10 23:09:09,162,4,1,0,0,0,15,55,15,3,1.5,3,-12.0
2026-05-10 23:09:09,165,4,1,0,0,0,17,56,17,3,1.8,3,-12.0
2026-05-10 23:09:10,168,4,1,0,0,0,19,57,19,3,2.1,3,-15.0
2026-05-10 23:09:10,171,3,1,0,0,0,21,58,21,3,2.4,3,-16.0
2026-05-10 23:09:10,174,3,1,0,0,0,23,59,23,3,2.7,3,-13.0
2026-05-10 23:09:11,177,3,3,0,0,0,25,60,25,3,3.0,3,-15.0
2026-05-10 23:09:11,180,2,4,0,0,0,27,61,27,3,0.0,3,-16.0
2026-05-10 23:09:12,183,3,4,0,0,0,29,62,29,3,0.3,3,-17.0
2026-05-10 23:09:12,186,3,6,0,0,0,31,63,31,3,0.6,3,-20.0
2026-05-10 23:09:12,189,3,7,0,0,0,33,64,33,3,0.9,3,-22.0
2026-05-10 23:09:13,192,3,7,0,0,0,35,65,35,3,1.2,3,-22.0
2026-05-10 23:09:13,195,3,10,0,0,0,37,66,37,3,1.5,3,-25.0
2026-05-10 23:09:14,198,3,10,0,0,0,39,67,39,3,1.8,3,-26.0
2026-05-10 23:09:14,201,3,10,0,0,0,41,68,41,3,2.1,3,-26.0
2026-05-10 23:09:15,204,3,10,0,0,0,43,69,43,3,0.0,3,-25.0
2026-05-10 23:09:15,207,4,10,0,0,0,45,70,45,3,0.3,3,-24.0
2026-05-10 23:09:15,210,4,9,0,0,0,47,71,47,3,0.6,3,-23.0
2026-05-10 23:09:16,213,4,9,0,0,0,49,72,49,3,0.9,3,-23.0
2026-05-10 23:09:16,216,4,9,0,0,0,51,73,51,3,1.2,3,-22.0
2026-05-10 23:09:17,219,4,9,0,0,0,53,74,53,3,1.5,3,-21.0
2026-05-10 23:09:17,222,4,8,0,0,0,55,75,55,3,1.8,3,-18.0
2026-05-10 23:09:17,225,4,9,0,0,0,57,76,57,3,2.1,3,-21.0
2026-05-10 23:09:18,228,4,8,0,0,0,59,77,59,3,2.4,3,-23.0
2026-05-10 23:09:18,231,4,7,0,0,0,61,78,61,3,2.7,3,-21.0
2026-05-10 23:09:19,234,4,5,0,0,0,63,79,63,3,0.0,3,-20.0
2026-05-10 23:09:19,237,4,6,0,0,0,65,80,65,3,0.3,3,-21.0
2026-05-10 23:09:20,240,4,6,0,0,0,67,81,67,3,0.6,3,-21.0
2026-05-10 23:09:20,243,5,5,0,0,0,69,82,69,3,0.9,3,-24.0
2026-05-10 23:09:20,246,4,7,0,0,0,71,83,71,3,1.2,3,-27.0
2026-05-10 23:09:21,249,4,7,1,4,0,73,84,73,3,1.5,3,-32.0
2026-05-10 23:09:21,252,4,7,1,4,0,75,85,75,3,1.8,3,-32.0
2026-05-10 23:09:21,255,5,7,1,4,0,77,86,77,3,2.1,3,-32.0
2026-05-10 23:09:22,258,6,7,1,4,0,79,87,79,3,2.4,3,-31.0
2026-05-10 23:09:22,261,6,7,1,4,0,81,88,81,3,2.7,3,-30.0
2026-05-10 23:09:23,264,6,7,1,4,0,83,89,83,3,3.0,3,-29.0
2026-05-10 23:09:23,267,6,6,1,4,0,85,90,85,3,3.3,3,-26.0
2026-05-10 23:09:23,270,6,2,1,4,0,87,91,87,3,3.6,3,-21.0
2026-05-10 23:09:24,273,3,2,1,4,0,89,92,89,3,3.9,3,-18.0
2026-05-10 23:09:24,276,3,2,1,4,0,91,93,91,3,4.2,3,-10.0
2026-05-10 23:09:24,279,5,0,1,5,0,93,94,93,3,4.5,3,-9.0
2026-05-10 23:09:25,282,5,0,1,3,0,95,95,95,3,4.8,3,-7.0
2026-05-10 23:09:25,285,5,0,1,3,0,97,96,97,3,5.1,3,-7.0
2026-05-10 23:09:25,288,5,0,1,3,0,99,97,99,3,5.4,3,-7.0
2026-05-10 23:09:26,291,5,0,1,3,0,101,98,101,3,5.7,3,-6.0
2026-05-10 23:09:26,294,6,0,1,3,0,103,99,103,3,6.0,3,-6.0
2026-05-10 23:09:26,297,6,0,2,4,0,105,100,105,3,6.3,3,-7.0
2026-05-10 23:09:27,300,6,0,1,4,0,107,101,107,3,0.0,3,-7.0
2026-05-10 23:09:27,303,6,0,1,4,0,109,102,109,3,0.3,3,-7.0
2026-05-10 23:09:27,306,5,0,0,4,0,111,103,111,3,0.6,3,-6.0
2026-05-10 23:09:28,309,4,0,0,4,0,113,104,113,3,0.9,3,-6.0
2026-05-10 23:09:28,312,2,0,0,4,0,115,105,115,3,0.0,3,-6.0
2026-05-10 23:09:28,315,2,0,0,4,0,117,106,117,3,0.0,3,-6.0
2026-05-10 23:09:29,318,2,0,0,3,0,119,107,119,3,0.0,3,-6.0
2026-05-10 23:09:29,321,2,0,0,3,0,121,108,121,3,0.0,3,-7.0
2026-05-10 23:09:29,324,2,0,0,2,0,123,109,123,3,0.0,3,-7.0
2026-05-10 23:09:30,327,2,0,0,2,0,125,110,125,3,0.0,3,-7.0
2026-05-10 23:09:30,330,2,0,0,1,0,127,111,127,3,0.0,3,-6.0
2026-05-10 23:09:30,333,2,0,0,1,0,129,112,129,3,0.0,3,-6.0
2026-05-10 23:09:31,336,2,0,0,1,0,131,113,131,3,0.0,3,-6.0
2026-05-10 23:09:31,339,1,0,0,1,0,133,114,133,3,0.0,3,-5.0
2026-05-10 23:09:31,342,1,0,0,1,0,135,115,135,3,0.0,3,-5.0
2026-05-10 23:09:32,345,0,0,0,1,0,137,116,137,3,0.3,3,-5.0
2026-05-10 23:09:32,348,0,0,0,1,0,139,117,139,3,0.6,3,-4.0
2026-05-10 23:09:32,351,0,0,0,1,0,141,118,141,3,0.9,3,-4.0
2026-05-10 23:09:33,354,0,0,0,1,0,143,119,143,3,1.2,3,-3.0
2026-05-10 23:09:33,357,0,0,0,0,0,145,120,145,3,1.5,3,-6.0
2026-05-10 23:09:33,360,0,0,0,0,0,147,121,147,3,1.8,3,-6.0
2026-05-10 23:09:34,363,0,0,2,0,1,149,0,149,1,0.0,1,-4.0
2026-05-10 23:09:34,366,0,0,2,0,2,151,0,151,1,0.0,1,-3.0
2026-05-10 23:09:34,369,0,0,3,0,3,153,0,153,1,0.3,1,-3.0
2026-05-10 23:09:35,372,0,0,3,0,4,155,0,155,1,0.6,1,-3.0
2026-05-10 23:09:35,375,1,0,2,0,5,157,0,157,1,0.9,1,-5.0
2026-05-10 23:09:35,378,1,0,2,0,6,159,0,159,1,1.2,1,-5.0
2026-05-10 23:09:35,381,1,0,2,0,7,161,0,161,1,1.5,1,-5.0
2026-05-10 23:09:36,384,1,0,2,0,8,163,0,163,1,1.8,1,-5.0
2026-05-10 23:09:36,387,1,0,2,0,9,165,0,165,1,2.1,1,-4.0
2026-05-10 23:09:36,390,1,0,2,0,10,167,0,167,1,2.4,1,-4.0
2026-05-10 23:09:37,393,1,0,2,0,11,169,0,169,1,2.7,1,-4.0
2026-05-10 23:09:37,396,1,0,1,0,12,171,0,171,1,3.0,1,-4.0
2026-05-10 23:09:37,399,1,0,1,0,13,173,0,173,1,3.3,1,-4.0
2026-05-10 23:09:38,402,1,0,0,0,14,175,0,175,1,3.6,1,-4.0
2026-05-10 23:09:38,405,1,0,0,0,15,177,0,177,1,3.9,1,-4.0
2026-05-10 23:09:38,408,0,0,0,0,16,179,0,179,1,4.2,1,-2.0
2026-05-10 23:09:39,411,0,0,0,0,17,181,0,181,1,4.5,1,-2.0
2026-05-10 23:09:39,414,0,0,0,0,18,183,0,183,1,4.8,1,-2.0
2026-05-10 23:09:39,417,0,0,0,0,19,185,0,185,1,5.1,1,-2.0
2026-05-10 23:09:40,420,0,0,0,0,20,187,0,187,1,5.4,1,-2.0
2026-05-10 23:09:40,423,0,0,0,0,21,189,0,189,1,5.7,1,-1.0
2026-05-10 23:09:40,426,0,0,0,0,22,191,0,191,1,6.0,1,-1.0
2026-05-10 23:09:41,429,0,0,0,0,23,193,0,193,1,6.3,1,-1.0
2026-05-10 23:09:41,432,0,1,0,0,24,195,0,195,1,6.6,1,-2.0
2026-05-10 23:09:41,435,0,1,0,0,25,197,0,197,1,6.9,1,-2.0
2026-05-10 23:09:42,438,0,1,0,0,26,199,0,199,1,7.2,1,-2.0
2026-05-10 23:09:42,441,0,2,0,0,27,201,0,201,1,7.5,1,-3.0
2026-05-10 23:09:42,444,0,2,0,0,28,203,0,203,1,7.8,1,-3.0
2026-05-10 23:09:43,447,0,2,0,0,29,205,0,205,1,8.1,1,-3.0
2026-05-10 23:09:43,450,0,2,0,0,30,207,0,207,1,8.4,1,-3.0
2026-05-10 23:09:43,453,0,2,0,0,31,209,0,209,1,8.7,1,-3.0
2026-05-10 23:09:44,456,0,2,0,0,32,211,0,211,1,9.0,1,-3.0
2026-05-10 23:09:44,459,0,2,0,0,33,213,0,213,1,9.3,1,-3.0
2026-05-10 23:09:45,462,0,2,0,0,34,215,0,215,1,9.6,1,-3.0
2026-05-10 23:09:45,465,0,2,0,0,35,217,0,217,1,9.9,1,-3.0
2026-05-10 23:09:45,468,0,2,0,0,36,219,0,219,1,10.2,1,-4.0
2026-05-10 23:09:46,471,0,2,0,0,37,221,0,221,1,10.5,1,-5.0
2026-05-10 23:09:46,474,0,2,0,0,38,223,0,223,1,10.8,1,-6.0
2026-05-10 23:09:46,477,0,2,1,0,39,225,0,225,1,11.1,1,-5.0
2026-05-10 23:09:47,480,0,2,1,0,40,227,0,227,1,11.4,1,-5.0
2026-05-10 23:09:47,483,0,2,1,0,41,229,0,229,1,11.7,1,-5.0
2026-05-10 23:09:47,486,0,2,1,0,42,231,0,231,1,12.0,1,-5.0
2026-05-10 23:09:48,489,0,2,1,0,43,233,0,233,1,12.3,1,-5.0
2026-05-10 23:09:48,492,0,2,1,0,44,235,0,235,1,12.6,1,-4.0
2026-05-10 23:09:48,495,0,2,1,2,45,237,0,237,1,12.9,1,-6.0
2026-05-10 23:09:49,498,0,3,1,2,46,239,0,239,1,13.2,1,-8.0
2026-05-10 23:09:49,501,0,3,1,1,47,241,0,241,1,13.5,1,-8.0
2026-05-10 23:09:49,504,0,3,1,1,48,243,0,243,1,13.8,1,-9.0
2026-05-10 23:09:50,507,0,3,1,1,49,245,0,245,1,14.1,1,-10.0
2026-05-10 23:09:50,510,0,3,0,1,50,247,0,247,1,14.4,1,-11.0
2026-05-10 23:09:50,513,0,3,0,3,51,249,0,249,1,14.7,1,-13.0
2026-05-10 23:09:51,516,0,3,0,4,52,251,0,251,1,15.0,1,-13.0
2026-05-10 23:09:51,519,0,3,0,4,53,253,0,253,1,15.3,1,-13.0
2026-05-10 23:09:51,522,0,3,0,4,54,255,0,255,1,15.6,1,-13.0
2026-05-10 23:09:52,525,0,1,0,4,55,257,0,257,1,15.9,1,-11.0
2026-05-10 23:09:52,528,0,1,0,4,56,259,0,259,1,16.2,1,-11.0
2026-05-10 23:09:52,531,0,0,0,4,57,261,0,261,1,16.5,1,-10.0
2026-05-10 23:09:53,534,0,0,0,4,58,263,0,263,1,16.8,1,-8.0
2026-05-10 23:09:53,537,0,0,0,5,59,265,0,265,1,17.1,1,-8.0
2026-05-10 23:09:54,540,0,0,0,5,60,267,0,267,1,17.4,1,-9.0
2026-05-10 23:09:54,543,0,0,0,5,61,269,0,269,1,17.7,1,-9.0
2026-05-10 23:09:54,546,0,0,0,5,62,271,0,271,1,18.0,1,-9.0
2026-05-10 23:09:55,549,0,0,0,5,63,273,0,273,1,18.3,1,-10.0
2026-05-10 23:09:55,552,1,0,0,4,0,275,1,275,3,0.0,3,-8.0
2026-05-10 23:09:55,555,1,0,0,3,0,277,2,277,3,0.0,3,-7.0
2026-05-10 23:09:56,558,1,0,0,3,0,279,3,279,3,0.0,3,-7.0
2026-05-10 23:09:56,561,1,0,0,3,0,281,4,281,3,0.0,3,-7.0
2026-05-10 23:09:56,564,1,0,0,3,0,283,5,283,3,0.0,3,-7.0
2026-05-10 23:09:57,567,1,0,0,3,0,285,6,285,3,0.0,3,-7.0
2026-05-10 23:09:57,570,1,0,0,1,0,287,7,287,3,0.3,3,-5.0
2026-05-10 23:09:57,573,1,0,0,0,0,289,8,289,3,0.6,3,-2.0
2026-05-10 23:09:58,576,1,0,0,0,0,291,9,291,3,0.9,3,-1.0
2026-05-10 23:09:58,579,1,0,0,0,0,293,10,293,3,1.2,3,-1.0
2026-05-10 23:09:58,582,1,0,0,0,0,295,11,295,3,1.5,3,-1.0
2026-05-10 23:09:59,585,1,0,0,0,0,297,12,297,3,1.8,3,-1.0
2026-05-10 23:09:59,588,1,0,0,0,0,299,13,299,3,2.1,3,-0.0
2026-05-10 23:09:59,591,1,0,0,0,0,301,14,301,3,2.4,3,-0.0
2026-05-10 23:10:00,594,1,0,0,0,0,303,15,303,3,2.7,3,-0.0
2026-05-10 23:10:00,597,1,0,0,0,0,305,16,305,3,3.0,3,-0.0
2026-05-10 23:10:00,600,1,0,0,0,0,307,17,307,3,3.3,3,-0.0
2026-05-10 23:10:01,603,0,0,0,0,0,309,18,309,3,3.6,3,-0.0
2026-05-10 23:10:01,606,0,0,0,0,0,311,19,311,3,3.9,3,-1.0
2026-05-10 23:10:01,609,0,0,0,0,0,313,20,313,3,4.2,3,-1.0
2026-05-10 23:10:02,612,0,0,0,0,0,315,21,315,3,4.5,3,-1.0
2026-05-10 23:10:02,615,0,0,0,0,0,317,22,317,3,4.8,3,-1.0
2026-05-10 23:10:02,618,0,0,0,0,0,319,23,319,3,5.1,3,-1.0
2026-05-10 23:10:03,621,0,0,0,0,0,321,24,321,3,5.4,3,-1.0
2026-05-10 23:10:03,624,0,0,0,0,0,323,25,323,3,5.7,3,-1.0
2026-05-10 23:10:03,627,0,0,0,0,0,325,26,325,3,6.0,3,-1.0
2026-05-10 23:10:04,630,0,0,0,0,0,327,27,327,3,6.3,3,-2.0
2026-05-10 23:10:04,633,0,0,0,0,0,329,28,329,3,6.6,3,-2.0
2026-05-10 23:10:04,636,0,0,0,0,0,331,29,331,3,6.9,3,-3.0
2026-05-10 23:10:05,639,0,0,0,0,0,333,30,333,3,7.2,3,-2.0
2026-05-10 23:10:05,642,0,0,0,0,0,335,31,335,3,7.5,3,-2.0
2026-05-10 23:10:06,645,0,0,0,0,0,337,32,337,3,7.8,3,-3.0
2026-05-10 23:10:06,648,0,0,0,0,0,339,33,339,3,8.1,3,-3.0
2026-05-10 23:10:06,651,0,0,0,0,0,341,34,341,3,8.4,3,-4.0
2026-05-10 23:10:07,654,0,0,1,0,0,343,35,343,3,8.7,3,-4.0
2026-05-10 23:10:07,657,0,0,1,0,0,345,36,345,3,9.0,3,-4.0
2026-05-10 23:10:07,660,0,0,1,0,0,347,37,347,3,9.3,3,-4.0
2026-05-10 23:10:07,663,0,0,1,0,0,349,38,349,3,9.6,3,-4.0
2026-05-10 23:10:08,666,0,0,1,0,0,351,39,351,3,9.9,3,-5.0
2026-05-10 23:10:08,669,0,0,1,0,0,353,40,353,3,10.2,3,-4.0
2026-05-10 23:10:09,672,0,0,1,0,0,355,41,355,3,10.5,3,-4.0
2026-05-10 23:10:09,675,0,0,1,0,0,357,42,357,3,10.8,3,-4.0
2026-05-10 23:10:09,678,0,0,1,0,0,359,43,359,3,11.1,3,-4.0
2026-05-10 23:10:09,681,0,0,1,0,0,361,44,361,3,11.4,3,-4.0
2026-05-10 23:10:10,684,0,0,1,0,0,363,45,363,3,11.7,3,-4.0
2026-05-10 23:10:10,687,0,0,1,0,0,365,46,365,3,12.0,3,-4.0
2026-05-10 23:10:10,690,0,0,1,0,0,367,47,367,3,12.3,3,-4.0
2026-05-10 23:10:11,693,0,0,0,0,0,369,48,369,3,12.6,3,-3.0
2026-05-10 23:10:11,696,0,0,0,0,0,371,49,371,3,12.9,3,-3.0
2026-05-10 23:10:11,699,0,0,0,0,0,373,50,373,3,13.2,3,-2.0
2026-05-10 23:10:12,702,0,0,0,0,0,375,51,375,3,13.5,3,-1.0
2026-05-10 23:10:12,705,0,0,0,0,0,377,52,377,3,13.8,3,-1.0
2026-05-10 23:10:12,708,0,0,0,0,0,379,53,379,3,14.1,3,-1.0
2026-05-10 23:10:13,711,0,0,0,0,0,381,54,381,3,14.4,3,-1.0
2026-05-10 23:10:13,714,0,0,0,0,0,383,55,383,3,14.7,3,-1.0
2026-05-10 23:10:13,717,0,0,0,0,0,385,56,385,3,15.0,3,-1.0
2026-05-10 23:10:14,720,0,0,0,0,0,387,57,387,3,15.3,3,-1.0
2026-05-10 23:10:14,723,0,0,0,0,0,389,58,389,3,15.6,3,-1.0
2026-05-10 23:10:14,726,0,0,0,0,0,391,59,391,3,15.9,3,-1.0
2026-05-10 23:10:15,729,0,0,0,0,0,393,60,393,3,16.2,3,-1.0
2026-05-10 23:10:15,732,0,0,0,0,0,395,61,395,3,16.5,3,-1.0
2026-05-10 23:10:15,735,0,0,0,0,0,397,62,397,3,16.8,3,-0.0
2026-05-10 23:10:16,738,0,0,0,0,0,399,63,399,3,17.1,3,-1.0
2026-05-10 23:10:16,741,0,0,0,0,0,401,64,401,3,17.4,3,-1.0
2026-05-10 23:10:16,744,0,0,0,0,0,403,65,403,3,17.7,3,-1.0
2026-05-10 23:10:17,747,0,0,0,0,0,405,66,405,3,18.0,3,-1.0
2026-05-10 23:10:17,750,0,0,0,0,0,407,67,407,3,18.3,3,-1.0
2026-05-10 23:10:17,753,0,0,0,0,0,409,68,409,3,18.6,3,-1.0
2026-05-10 23:10:18,756,0,0,0,0,0,411,69,411,3,18.9,3,-1.0
2026-05-10 23:10:18,759,0,0,0,0,0,413,70,413,3,19.2,3,-1.0
2026-05-10 23:10:18,762,0,0,0,0,0,415,71,415,3,19.5,3,-1.0
2026-05-10 23:10:18,765,0,0,0,0,0,417,72,417,3,19.8,3,-1.0
2026-05-10 23:10:19,768,0,0,0,0,0,419,73,419,3,20.1,3,-1.0
2026-05-10 23:10:19,771,0,0,0,0,0,421,74,421,3,20.4,3,-1.0
2026-05-10 23:10:19,774,0,0,0,0,0,423,75,423,3,20.7,3,-1.0
2026-05-10 23:10:20,777,0,0,1,0,0,425,76,425,3,21.0,3,-2.0
2026-05-10 23:10:20,780,0,0,1,0,0,427,77,427,3,21.3,3,-2.0
2026-05-10 23:10:20,783,0,0,1,0,0,429,78,429,3,21.6,3,-2.0
2026-05-10 23:10:21,786,0,0,1,0,0,431,79,431,3,21.9,3,-3.0
2026-05-10 23:10:21,789,0,0,1,0,0,433,80,433,3,22.2,3,-4.0
2026-05-10 23:10:21,792,0,0,1,0,0,435,81,435,3,22.5,3,-4.0
2026-05-10 23:10:22,795,0,0,1,0,0,437,82,437,3,22.8,3,-4.0
2026-05-10 23:10:22,798,0,0,1,0,0,439,83,439,3,23.1,3,-4.0
2026-05-10 23:10:22,801,0,0,1,0,0,441,84,441,3,23.4,3,-4.0
2026-05-10 23:10:23,804,0,0,1,0,0,443,85,443,3,23.7,3,-4.0
2026-05-10 23:10:23,807,0,0,1,0,0,445,86,445,3,24.0,3,-4.0
2026-05-10 23:10:23,810,0,0,1,0,0,447,87,447,3,24.3,3,-4.0
2026-05-10 23:10:24,813,0,0,1,0,0,449,88,449,3,24.6,3,-4.0
2026-05-10 23:10:24,816,0,0,0,0,0,451,89,451,3,24.9,3,-3.0
2026-05-10 23:10:24,819,0,0,0,0,0,453,90,453,3,25.2,3,-2.0
2026-05-10 23:10:25,822,0,0,0,0,0,455,91,455,3,25.5,3,-1.0
2026-05-10 23:10:25,825,0,0,0,0,0,457,92,457,3,25.8,3,-1.0
2026-05-10 23:10:25,828,0,0,0,0,0,459,93,459,3,26.1,3,-1.0
2026-05-10 23:10:26,831,0,0,0,0,0,461,94,461,3,26.4,3,-1.0
2026-05-10 23:10:26,834,0,0,0,0,0,463,95,463,3,26.7,3,-2.0
2026-05-10 23:10:26,837,0,0,0,0,0,465,96,465,3,27.0,3,-2.0
2026-05-10 23:10:26,840,0,0,0,0,0,467,97,467,3,27.3,3,-2.0
2026-05-10 23:10:27,843,0,0,0,0,0,469,98,469,3,27.6,3,-2.0
2026-05-10 23:10:27,846,1,0,0,0,0,471,99,471,3,27.9,3,-2.0
2026-05-10 23:10:27,849,1,0,0,0,0,473,100,473,3,28.2,3,-2.0
2026-05-10 23:10:28,852,1,0,0,0,0,475,101,475,3,28.5,3,-2.0
2026-05-10 23:10:28,855,1,0,0,0,0,477,102,477,3,28.8,3,-2.0
2026-05-10 23:10:28,858,1,0,0,0,0,479,103,479,3,29.1,3,-2.0
2026-05-10 23:10:29,861,1,0,0,0,0,481,104,481,3,29.4,3,-2.0
2026-05-10 23:10:29,864,1,0,0,0,0,483,105,483,3,29.7,3,-2.0
2026-05-10 23:10:29,867,1,0,0,0,0,485,106,485,3,30.0,3,-1.0
2026-05-10 23:10:30,870,1,0,0,0,0,487,107,487,3,30.3,3,-1.0
2026-05-10 23:10:30,873,1,0,0,0,0,489,108,489,3,30.6,3,-1.0
2026-05-10 23:10:30,876,1,0,0,0,0,491,109,491,3,30.9,3,-1.0
2026-05-10 23:10:31,879,0,0,0,0,0,493,110,493,3,31.2,3,-1.0
2026-05-10 23:10:31,882,0,0,0,0,0,495,111,495,3,31.5,3,-1.0
2026-05-10 23:10:31,885,0,0,0,0,0,497,112,497,3,31.8,3,-2.0
2026-05-10 23:10:32,888,0,0,0,0,0,499,113,499,3,32.1,3,-2.0
2026-05-10 23:10:32,891,0,0,0,0,0,501,114,501,3,32.4,3,-2.0
2026-05-10 23:10:32,894,0,0,0,0,0,503,115,503,3,32.7,3,-2.0
2026-05-10 23:10:33,897,0,0,0,0,0,505,116,505,3,33.0,3,-2.0
2026-05-10 23:10:33,900,0,0,0,0,0,507,117,507,3,33.3,3,-2.0
2026-05-10 23:10:33,903,0,0,2,0,0,509,118,509,3,33.6,3,-4.0
2026-05-10 23:10:34,906,0,0,2,0,0,511,119,511,3,33.9,3,-4.0
2026-05-10 23:10:34,909,0,0,2,0,0,513,120,513,3,34.2,3,-5.0
2026-05-10 23:10:34,912,0,0,2,0,0,515,121,515,3,34.5,3,-7.0
2026-05-10 23:10:35,915,0,0,2,0,0,517,122,517,3,34.8,3,-7.0
2026-05-10 23:10:35,918,2,0,2,0,0,519,123,519,3,35.1,3,-6.0
2026-05-10 23:10:35,921,2,0,2,0,0,521,124,521,3,35.4,3,-6.0
2026-05-10 23:10:35,924,2,0,2,0,0,523,125,523,3,35.7,3,-6.0
2026-05-10 23:10:36,927,2,0,2,0,0,525,126,525,3,36.0,3,-6.0
2026-05-10 23:10:36,930,2,0,2,0,0,527,127,527,3,36.3,3,-6.0
2026-05-10 23:10:36,933,2,0,2,0,0,529,128,529,3,36.6,3,-6.0
2026-05-10 23:10:37,936,2,0,1,0,0,531,129,531,3,36.9,3,-5.0
2026-05-10 23:10:37,939,2,0,0,1,0,533,130,533,3,37.2,3,-5.0
2026-05-10 23:10:37,942,2,0,0,1,0,535,131,535,3,37.5,3,-4.0
2026-05-10 23:10:38,945,2,0,0,2,0,537,132,537,3,37.8,3,-3.0
2026-05-10 23:10:38,948,2,0,0,2,0,539,133,539,3,38.1,3,-3.0
2026-05-10 23:10:38,951,0,0,0,2,0,541,134,541,3,38.4,3,-3.0
2026-05-10 23:10:39,954,0,0,0,2,0,543,135,543,3,38.7,3,-3.0
2026-05-10 23:10:39,957,0,0,0,3,0,545,136,545,3,39.0,3,-4.0
2026-05-10 23:10:39,960,0,0,0,3,0,547,137,547,3,39.3,3,-4.0
2026-05-10 23:10:40,963,0,0,0,4,0,549,138,549,3,39.6,3,-5.0
2026-05-10 23:10:40,966,0,0,0,4,0,551,139,551,3,39.9,3,-5.0
2026-05-10 23:10:40,969,0,0,0,4,0,553,140,553,3,40.2,3,-5.0
2026-05-10 23:10:41,972,0,0,0,4,0,555,141,555,3,40.5,3,-5.0
2026-05-10 23:10:41,975,0,0,0,4,0,557,142,557,3,40.8,3,-5.0
2026-05-10 23:10:41,978,0,0,0,4,0,559,143,559,3,41.1,3,-5.0
2026-05-10 23:10:42,981,0,0,0,4,0,561,144,561,3,41.4,3,-5.0
2026-05-10 23:10:42,984,0,0,0,4,0,563,145,563,3,41.7,3,-5.0
2026-05-10 23:10:42,987,0,0,0,4,0,565,146,565,3,42.0,3,-5.0
2026-05-10 23:10:43,990,0,0,0,4,0,567,147,567,3,42.3,3,-5.0
2026-05-10 23:10:43,993,0,0,0,4,0,569,148,569,3,42.6,3,-5.0
2026-05-10 23:10:43,996,0,0,0,4,0,571,149,571,3,42.9,3,-5.0
2026-05-10 23:10:44,999,0,0,0,4,0,573,150,573,3,43.2,3,-5.0
2026-05-10 23:10:44,1002,0,0,0,4,0,575,151,575,3,43.5,3,-5.0
2026-05-10 23:10:44,1005,0,0,0,4,0,577,152,577,3,43.8,3,-5.0
2026-05-10 23:10:45,1008,0,0,0,4,0,579,153,579,3,44.1,3,-5.0
2026-05-10 23:10:45,1011,0,0,0,4,0,581,154,581,3,44.4,3,-5.0
2026-05-10 23:10:45,1014,0,0,0,4,0,583,155,583,3,44.7,3,-6.0
2026-05-10 23:10:46,1017,0,0,0,3,0,585,156,585,3,45.0,3,-5.0
2026-05-10 23:10:46,1020,0,0,0,2,0,587,157,587,3,45.3,3,-6.0
2026-05-10 23:10:46,1023,0,0,0,2,0,589,158,589,3,45.6,3,-6.0
2026-05-10 23:10:47,1026,0,0,0,2,0,591,159,591,3,45.9,3,-6.0
2026-05-10 23:10:47,1029,0,0,0,2,0,593,160,593,3,46.2,3,-6.0
2026-05-10 23:10:47,1032,0,0,0,2,0,595,161,595,3,46.5,3,-6.0
2026-05-10 23:10:48,1035,0,0,1,2,0,597,162,597,3,46.8,3,-7.0
2026-05-10 23:10:48,1038,1,0,1,1,0,599,163,599,3,47.1,3,-6.0
2026-05-10 23:10:48,1041,1,0,1,1,0,601,164,601,3,47.4,3,-6.0
2026-05-10 23:10:49,1044,1,0,1,1,0,603,165,603,3,47.7,3,-6.0
2026-05-10 23:10:49,1047,1,0,1,0,0,605,166,605,3,48.0,3,-4.0
2026-05-10 23:10:49,1050,1,0,1,0,0,607,167,607,3,48.3,3,-4.0
2026-05-10 23:10:50,1053,1,0,1,0,0,609,168,609,3,48.6,3,-3.0
2026-05-10 23:10:50,1056,1,0,1,0,0,611,169,611,3,48.9,3,-3.0
2026-05-10 23:10:50,1059,1,0,1,0,0,613,170,613,3,49.2,3,-2.0
2026-05-10 23:10:51,1062,1,0,1,0,0,615,171,615,3,49.5,3,-2.0
2026-05-10 23:10:51,1065,1,0,1,0,0,617,172,617,3,49.8,3,-2.0
2026-05-10 23:10:51,1068,1,0,0,0,0,619,173,619,3,50.1,3,-1.0
2026-05-10 23:10:52,1071,0,0,0,0,0,621,174,621,3,50.4,3,-1.0
2026-05-10 23:10:52,1074,0,0,0,0,0,623,175,623,3,50.7,3,-2.0
2026-05-10 23:10:52,1077,0,0,0,0,0,625,176,625,3,51.0,3,-2.0
2026-05-10 23:10:53,1080,0,0,0,0,0,627,177,627,3,51.3,3,-2.0
2026-05-10 23:10:53,1083,0,0,0,0,0,629,178,629,3,51.6,3,-3.0
2026-05-10 23:10:53,1086,0,0,0,0,0,631,179,631,3,51.9,3,-4.0
2026-05-10 23:10:54,1089,0,0,0,0,0,633,180,633,3,52.2,3,-4.0
2026-05-10 23:10:54,1092,0,0,1,0,0,635,181,635,3,52.5,3,-5.0
2026-05-10 23:10:54,1095,0,0,1,0,0,637,182,637,3,52.8,3,-5.0
2026-05-10 23:10:54,1098,0,0,1,0,0,639,183,639,3,53.1,3,-5.0
2026-05-10 23:10:55,1101,0,0,1,0,0,641,184,641,3,53.4,3,-5.0
2026-05-10 23:10:55,1104,0,0,1,0,0,643,185,643,3,53.7,3,-5.0
2026-05-10 23:10:55,1107,0,0,1,0,0,645,186,645,3,54.0,3,-4.0
2026-05-10 23:10:56,1110,0,0,1,0,0,647,187,647,3,54.3,3,-4.0
2026-05-10 23:10:56,1113,0,0,1,0,0,649,188,649,3,54.6,3,-3.0
2026-05-10 23:10:56,1116,0,0,1,0,0,651,189,651,3,54.9,3,-3.0
2026-05-10 23:10:57,1119,0,0,1,0,0,653,190,653,3,55.2,3,-2.0
2026-05-10 23:10:57,1122,0,0,1,0,0,655,191,655,3,55.5,3,-2.0
2026-05-10 23:10:57,1125,0,0,1,0,0,657,192,657,3,55.8,3,-2.0
2026-05-10 23:10:58,1128,0,0,1,0,0,659,193,659,3,56.1,3,-2.0
2026-05-10 23:10:58,1131,0,0,1,0,0,661,194,661,3,56.4,3,-2.0
2026-05-10 23:10:58,1134,0,0,1,0,0,663,195,663,3,56.7,3,-2.0
2026-05-10 23:10:59,1137,0,0,1,0,0,665,196,665,3,57.0,3,-3.0
2026-05-10 23:10:59,1140,0,0,1,0,0,667,197,667,3,57.3,3,-3.0
2026-05-10 23:10:59,1143,0,0,1,1,0,669,198,669,3,57.6,3,-3.0
2026-05-10 23:11:00,1146,0,0,1,1,0,671,199,671,3,57.9,3,-3.0
2026-05-10 23:11:00,1149,0,0,1,0,0,673,200,673,3,58.2,3,-3.0
2026-05-10 23:11:00,1152,0,0,1,1,0,675,201,675,3,58.5,3,-4.0
2026-05-10 23:11:01,1155,0,0,1,1,0,677,202,677,3,58.8,3,-5.0
2026-05-10 23:11:01,1158,0,0,1,1,0,679,203,679,3,59.1,3,-5.0
2026-05-10 23:11:01,1161,0,0,1,1,0,681,204,681,3,59.4,3,-5.0
2026-05-10 23:11:02,1164,0,0,0,1,0,683,205,683,3,59.7,3,-4.0
2026-05-10 23:11:02,1167,0,0,0,1,0,685,206,685,3,60.0,3,-4.0
2026-05-10 23:11:02,1170,0,0,0,1,0,687,207,687,3,60.3,3,-4.0
2026-05-10 23:11:02,1173,0,0,0,1,0,689,208,689,3,60.6,3,-4.0
2026-05-10 23:11:03,1176,0,0,0,1,0,691,209,691,3,60.9,3,-4.0
2026-05-10 23:11:03,1179,0,0,0,1,0,693,210,693,3,61.2,3,-4.0
2026-05-10 23:11:03,1182,0,0,0,1,0,695,211,695,3,61.5,3,-4.0
2026-05-10 23:11:04,1185,0,0,0,1,0,697,212,697,3,61.8,3,-4.0
2026-05-10 23:11:04,1188,0,0,0,0,0,699,213,699,3,62.1,3,-3.0
2026-05-10 23:11:04,1191,0,0,0,0,0,701,214,701,3,62.4,3,-3.0
2026-05-10 23:11:05,1194,0,0,0,0,0,703,215,703,3,62.7,3,-3.0
2026-05-10 23:11:05,1197,0,0,0,0,0,705,216,705,3,63.0,3,-3.0
2026-05-10 23:11:05,1200,0,0,0,0,0,707,217,707,3,63.3,3,-2.0
2026-05-10 23:11:06,1203,0,0,0,0,0,709,218,709,3,63.6,3,-1.0
2026-05-10 23:11:06,1206,0,0,0,0,0,711,219,711,3,63.9,3,-1.0
2026-05-10 23:11:06,1209,0,0,0,0,0,713,220,713,3,64.2,3,-1.0
2026-05-10 23:11:07,1212,0,0,0,0,0,715,221,715,3,64.5,3,-1.0
2026-05-10 23:11:07,1215,0,0,0,0,0,717,222,717,3,64.8,3,-1.0
2026-05-10 23:11:07,1218,0,0,0,0,0,719,223,719,3,65.1,3,-1.0
2026-05-10 23:11:08,1221,0,0,0,0,0,721,224,721,3,65.4,3,-1.0
2026-05-10 23:11:08,1224,0,0,0,0,0,723,225,723,3,65.7,3,-0.0
2026-05-10 23:11:08,1227,0,0,0,0,0,725,226,725,3,66.0,3,-0.0
2026-05-10 23:11:09,1230,0,0,0,0,0,727,227,727,3,66.3,3,-1.0
2026-05-10 23:11:09,1233,0,0,0,0,0,729,228,729,3,66.6,3,-1.0
2026-05-10 23:11:09,1236,0,0,0,0,0,731,229,731,3,66.9,3,-1.0
2026-05-10 23:11:09,1239,0,0,0,0,0,733,230,733,3,67.2,3,-1.0
2026-05-10 23:11:10,1242,0,0,0,0,0,735,231,735,3,67.5,3,-1.0
2026-05-10 23:11:10,1245,0,0,0,0,0,737,232,737,3,67.8,3,-1.0
2026-05-10 23:11:10,1248,0,0,0,0,0,739,233,739,3,68.1,3,-1.0
2026-05-10 23:11:11,1251,0,0,0,0,0,741,234,741,3,68.4,3,-1.0
2026-05-10 23:11:11,1254,0,0,0,0,0,743,235,743,3,68.7,3,-1.0
2026-05-10 23:11:11,1257,0,0,0,0,0,745,236,745,3,69.0,3,-2.0
2026-05-10 23:11:12,1260,0,0,0,0,0,747,237,747,3,69.3,3,-2.0
2026-05-10 23:11:12,1263,0,0,0,0,0,749,238,749,3,69.6,3,-2.0
2026-05-10 23:11:12,1266,0,0,0,0,0,751,239,751,3,69.9,3,-2.0
2026-05-10 23:11:13,1269,0,0,0,0,0,753,240,753,3,70.2,3,-2.0
2026-05-10 23:11:13,1272,0,0,0,0,0,755,241,755,3,70.5,3,-2.0
2026-05-10 23:11:13,1275,0,0,0,0,0,757,242,757,3,70.8,3,-2.0
2026-05-10 23:11:14,1278,0,0,0,0,0,759,243,759,3,71.1,3,-2.0
2026-05-10 23:11:14,1281,0,0,0,1,0,761,244,761,3,71.4,3,-3.0
2026-05-10 23:11:14,1284,0,0,0,2,0,763,245,763,3,71.7,3,-3.0
2026-05-10 23:11:15,1287,0,0,0,2,0,765,246,765,3,72.0,3,-3.0
2026-05-10 23:11:15,1290,0,0,0,2,0,767,247,767,3,72.3,3,-3.0
2026-05-10 23:11:15,1293,0,0,0,2,0,769,248,769,3,72.6,3,-2.0
2026-05-10 23:11:16,1296,0,0,0,2,0,771,249,771,3,72.9,3,-2.0
2026-05-10 23:11:16,1299,0,0,0,2,0,773,250,773,3,73.2,3,-2.0
2026-05-10 23:11:16,1302,0,0,0,2,0,775,251,775,3,73.5,3,-2.0
2026-05-10 23:11:17,1305,0,0,0,3,0,777,252,777,3,73.8,3,-3.0
2026-05-10 23:11:17,1308,0,0,0,3,0,779,253,779,3,74.1,3,-3.0
2026-05-10 23:11:17,1311,0,0,0,3,0,781,254,781,3,74.4,3,-3.0
2026-05-10 23:11:18,1314,0,0,0,3,0,783,255,783,3,74.7,3,-3.0
2026-05-10 23:11:18,1317,0,0,0,3,0,785,256,785,3,75.0,3,-3.0
2026-05-10 23:11:18,1320,0,0,0,3,0,787,257,787,3,75.3,3,-3.0
2026-05-10 23:11:19,1323,0,0,0,3,0,789,258,789,3,75.6,3,-4.0
2026-05-10 23:11:19,1326,0,0,0,3,0,791,259,791,3,75.9,3,-4.0
2026-05-10 23:11:19,1329,0,0,0,3,0,793,260,793,3,76.2,3,-4.0
2026-05-10 23:11:19,1332,0,0,0,3,0,795,261,795,3,76.5,3,-4.0
2026-05-10 23:11:20,1335,0,0,0,3,0,797,262,797,3,76.8,3,-4.0
2026-05-10 23:11:20,1338,0,0,0,3,0,799,263,799,3,77.1,3,-4.0
2026-05-10 23:11:20,1341,0,0,0,3,0,801,264,801,3,77.4,3,-4.0
2026-05-10 23:11:21,1344,0,0,0,3,0,803,265,803,3,77.7,3,-4.0
2026-05-10 23:11:21,1347,0,0,0,3,0,805,266,805,3,78.0,3,-4.0
2026-05-10 23:11:21,1350,0,0,0,3,0,807,267,807,3,78.3,3,-4.0
2026-05-10 23:11:22,1353,0,0,0,3,0,809,268,809,3,78.6,3,-4.0
2026-05-10 23:11:22,1356,0,1,0,3,0,811,269,811,3,78.9,3,-5.0
2026-05-10 23:11:22,1359,0,1,0,3,0,813,270,813,3,79.2,3,-8.0
2026-05-10 23:11:23,1362,0,1,0,3,0,815,271,815,3,79.5,3,-9.0
2026-05-10 23:11:23,1365,0,1,0,4,0,817,272,817,3,79.8,3,-11.0
2026-05-10 23:11:23,1368,0,1,0,3,0,819,273,819,3,80.1,3,-11.0
2026-05-10 23:11:24,1371,0,1,0,2,0,821,274,821,3,80.4,3,-10.0
2026-05-10 23:11:24,1374,0,1,0,2,0,823,275,823,3,80.7,3,-10.0
2026-05-10 23:11:24,1377,0,1,0,2,0,825,276,825,3,81.0,3,-10.0
2026-05-10 23:11:25,1380,0,1,0,2,0,827,277,827,3,81.3,3,-10.0
2026-05-10 23:11:25,1383,0,1,0,2,0,829,278,829,3,81.6,3,-10.0
2026-05-10 23:11:25,1386,0,1,0,2,0,831,279,831,3,81.9,3,-10.0
2026-05-10 23:11:26,1389,0,0,0,1,0,833,280,833,3,82.2,3,-8.0
2026-05-10 23:11:26,1392,0,0,0,1,0,835,281,835,3,82.5,3,-5.0
2026-05-10 23:11:26,1395,0,0,0,1,0,837,282,837,3,82.8,3,-4.0
2026-05-10 23:11:27,1398,0,0,0,1,0,839,283,839,3,83.1,3,-3.0
2026-05-10 23:11:27,1401,0,0,0,1,0,841,284,841,3,83.4,3,-2.0
2026-05-10 23:11:27,1404,0,0,0,1,0,843,285,843,3,83.7,3,-2.0
2026-05-10 23:11:28,1407,0,0,0,1,0,845,286,845,3,84.0,3,-2.0
2026-05-10 23:11:28,1410,0,0,0,1,0,847,287,847,3,84.3,3,-1.0
2026-05-10 23:11:28,1413,0,0,0,1,0,849,288,849,3,84.6,3,-1.0
2026-05-10 23:11:29,1416,0,0,0,1,0,851,289,851,3,84.9,3,-1.0
2026-05-10 23:11:29,1419,0,0,0,1,0,853,290,853,3,85.2,3,-1.0
2026-05-10 23:11:29,1422,0,0,0,1,0,855,291,855,3,85.5,3,-2.0
2026-05-10 23:11:29,1425,0,0,0,1,0,857,292,857,3,85.8,3,-2.0
2026-05-10 23:11:30,1428,0,0,0,1,0,859,293,859,3,86.1,3,-2.0
2026-05-10 23:11:30,1431,0,0,0,1,0,861,294,861,3,86.4,3,-2.0
2026-05-10 23:11:31,1434,0,0,0,1,0,863,295,863,3,86.7,3,-2.0
2026-05-10 23:11:31,1437,0,0,0,0,0,865,296,865,3,87.0,3,-1.0
2026-05-10 23:11:31,1440,0,0,0,0,0,867,297,867,3,87.3,3,-1.0
2026-05-10 23:11:32,1443,0,0,0,0,0,869,298,869,3,87.6,3,-1.0
2026-05-10 23:11:32,1446,0,0,0,0,0,871,299,871,3,87.9,3,-1.0
2026-05-10 23:11:32,1449,0,0,0,0,0,873,300,873,3,88.2,3,-1.0
2026-05-10 23:11:33,1452,0,0,0,0,0,875,301,875,3,88.5,3,-1.0
2026-05-10 23:11:33,1455,0,0,1,0,0,877,302,877,3,88.8,3,-2.0
2026-05-10 23:11:34,1458,0,0,1,0,0,879,303,879,3,89.1,3,-2.0
2026-05-10 23:11:34,1461,0,0,1,0,0,881,304,881,3,89.4,3,-2.0
2026-05-10 23:11:34,1464,0,0,1,0,0,883,305,883,3,89.7,3,-2.0
2026-05-10 23:11:35,1467,0,0,1,0,0,885,306,885,3,90.0,3,-2.0
2026-05-10 23:11:35,1470,0,0,1,0,0,887,307,887,3,90.3,3,-2.0
2026-05-10 23:11:35,1473,0,0,1,0,0,889,308,889,3,90.6,3,-2.0
2026-05-10 23:11:36,1476,0,0,1,0,0,891,309,891,3,90.9,3,-3.0
2026-05-10 23:11:36,1479,0,0,1,1,0,893,310,893,3,91.2,3,-4.0
2026-05-10 23:11:37,1482,0,0,1,2,0,895,311,895,3,91.5,3,-5.0
2026-05-10 23:11:37,1485,0,0,1,2,0,897,312,897,3,91.8,3,-5.0
2026-05-10 23:11:37,1488,0,0,1,2,0,899,313,899,3,92.1,3,-5.0
2026-05-10 23:11:38,1491,0,0,1,2,0,901,314,901,3,92.4,3,-5.0
2026-05-10 23:11:38,1494,0,0,1,2,0,903,315,903,3,92.7,3,-5.0
2026-05-10 23:11:38,1497,0,0,1,2,0,905,316,905,3,93.0,3,-5.0
2026-05-10 23:11:39,1500,0,0,1,2,0,907,317,907,3,93.3,3,-5.0
2026-05-10 23:11:39,1503,0,0,0,2,0,909,318,909,3,93.6,3,-3.0
2026-05-10 23:11:40,1506,0,0,0,2,0,911,319,911,3,93.9,3,-3.0
2026-05-10 23:11:40,1509,0,0,0,2,0,913,320,913,3,94.2,3,-3.0
2026-05-10 23:11:40,1512,0,0,0,2,0,915,321,915,3,94.5,3,-3.0
2026-05-10 23:11:41,1515,0,0,0,2,0,917,322,917,3,94.8,3,-5.0
2026-05-10 23:11:41,1518,0,0,1,2,0,919,323,919,3,95.1,3,-6.0
2026-05-10 23:11:41,1521,0,0,1,2,0,921,324,921,3,95.4,3,-6.0
2026-05-10 23:11:42,1524,0,0,1,2,0,923,325,923,3,95.7,3,-6.0
2026-05-10 23:11:42,1527,0,0,1,2,0,925,326,925,3,96.0,3,-6.0
2026-05-10 23:11:42,1530,0,0,1,1,0,927,327,927,3,96.3,3,-5.0
2026-05-10 23:11:43,1533,0,0,1,0,0,929,328,929,3,96.6,3,-4.0
2026-05-10 23:11:43,1536,0,0,1,0,0,931,329,931,3,96.9,3,-5.0
2026-05-10 23:11:43,1539,0,0,1,0,0,933,330,933,3,97.2,3,-5.0
2026-05-10 23:11:44,1542,0,0,1,0,0,935,331,935,3,97.5,3,-5.0
2026-05-10 23:11:44,1545,0,0,1,0,0,937,332,937,3,97.8,3,-4.0
2026-05-10 23:11:44,1548,0,0,1,0,0,939,333,939,3,98.1,3,-2.0
2026-05-10 23:11:45,1551,0,0,1,0,0,941,334,941,3,98.4,3,-2.0
2026-05-10 23:11:45,1554,0,0,0,0,0,943,335,943,3,98.7,3,-1.0
2026-05-10 23:11:45,1557,0,0,0,0,0,945,336,945,3,99.0,3,-1.0
2026-05-10 23:11:46,1560,0,0,0,0,0,947,337,947,3,99.3,3,-1.0
2026-05-10 23:11:46,1563,0,0,0,0,0,949,338,949,3,99.6,3,-1.0
2026-05-10 23:11:46,1566,0,0,0,0,0,951,339,951,3,99.9,3,-1.0
2026-05-10 23:11:47,1569,0,0,0,0,0,953,340,953,3,100.2,3,-0.0
2026-05-10 23:11:47,1572,0,0,0,0,0,955,341,955,3,100.5,3,-0.0
2026-05-10 23:11:47,1575,0,0,0,0,0,957,342,957,3,100.8,3,-0.0
2026-05-10 23:11:48,1578,0,0,0,0,0,959,343,959,3,101.1,3,-0.0
2026-05-10 23:11:48,1581,0,0,0,0,0,961,344,961,3,101.4,3,-0.0
2026-05-10 23:11:48,1584,0,0,0,0,0,963,345,963,3,101.7,3,-0.0
2026-05-10 23:11:49,1587,0,0,0,0,0,965,346,965,3,102.0,3,-0.0
2026-05-10 23:11:49,1590,0,0,0,0,0,967,347,967,3,102.3,3,-0.0
2026-05-10 23:11:49,1593,0,0,0,0,0,969,348,969,3,102.6,3,-0.0
2026-05-10 23:11:50,1596,0,0,0,0,0,971,349,971,3,102.9,3,-0.0
2026-05-10 23:11:50,1599,0,0,0,0,0,973,350,973,3,103.2,3,-0.0
2026-05-10 23:11:51,1602,0,0,0,0,0,975,351,975,3,103.5,3,-0.0
2026-05-10 23:11:51,1605,0,0,0,0,0,977,352,977,3,103.8,3,-0.0
2026-05-10 23:11:51,1608,0,0,0,0,0,979,353,979,3,104.1,3,-0.0
2026-05-10 23:11:52,1611,0,0,0,0,0,981,354,981,3,104.4,3,-0.0
2026-05-10 23:11:52,1614,0,0,0,0,0,983,355,983,3,104.7,3,-0.0
2026-05-10 23:11:52,1617,0,0,0,0,0,985,356,985,3,105.0,3,-0.0
2026-05-10 23:11:53,1620,0,0,0,0,0,987,357,987,3,105.3,3,-1.0
2026-05-10 23:11:53,1623,0,0,0,0,0,989,358,989,3,105.6,3,-2.0
2026-05-10 23:11:53,1626,0,0,0,0,0,991,359,991,3,105.9,3,-2.0
2026-05-10 23:11:54,1629,0,0,0,0,0,993,360,993,3,106.2,3,-2.0
2026-05-10 23:11:54,1632,1,0,0,0,0,995,361,995,3,106.5,3,-2.0
2026-05-10 23:11:54,1635,1,0,0,0,0,997,362,997,3,106.8,3,-3.0
2026-05-10 23:11:55,1638,1,0,0,0,0,999,363,999,3,107.1,3,-4.0
2026-05-10 23:11:55,1641,1,0,0,0,0,1001,364,1001,3,107.4,3,-4.0
2026-05-10 23:11:55,1644,1,0,0,0,0,1003,365,1003,3,107.7,3,-4.0
2026-05-10 23:11:56,1647,1,0,0,0,0,1005,366,1005,3,108.0,3,-4.0
2026-05-10 23:11:56,1650,1,0,0,0,0,1007,367,1007,3,108.3,3,-4.0
2026-05-10 23:11:56,1653,1,0,0,0,0,1009,368,1009,3,108.6,3,-3.0
2026-05-10 23:11:57,1656,1,0,0,0,0,1011,369,1011,3,108.9,3,-2.0
2026-05-10 23:11:57,1659,1,0,0,0,0,1013,370,1013,3,109.2,3,-2.0
2026-05-10 23:11:57,1662,1,0,0,0,0,1015,371,1015,3,109.5,3,-2.0
2026-05-10 23:11:58,1665,1,0,0,0,0,1017,372,1017,3,109.8,3,-2.0
2026-05-10 23:11:58,1668,0,0,0,0,0,1019,373,1019,3,110.1,3,-2.0
2026-05-10 23:11:58,1671,0,0,1,0,0,1021,374,1021,3,110.4,3,-3.0
2026-05-10 23:11:59,1674,0,0,1,0,0,1023,375,1023,3,110.7,3,-3.0
2026-05-10 23:11:59,1677,0,0,1,0,0,1025,376,1025,3,111.0,3,-3.0
2026-05-10 23:11:59,1680,0,0,1,0,0,1027,377,1027,3,111.3,3,-3.0
2026-05-10 23:12:00,1683,0,0,1,0,0,1029,378,1029,3,111.6,3,-3.0
2026-05-10 23:12:00,1686,0,0,1,0,0,1031,379,1031,3,111.9,3,-3.0
2026-05-10 23:12:00,1689,0,0,1,0,0,1033,380,1033,3,112.2,3,-2.0
2026-05-10 23:12:01,1692,0,0,1,0,0,1035,381,1035,3,112.5,3,-2.0
2026-05-10 23:12:01,1695,0,0,1,0,0,1037,382,1037,3,112.8,3,-2.0
2026-05-10 23:12:02,1698,0,0,1,0,0,1039,383,1039,3,113.1,3,-2.0
2026-05-10 23:12:02,1701,0,0,1,0,0,1041,384,1041,3,113.4,3,-1.0
2026-05-10 23:12:02,1704,0,0,0,0,0,1043,385,1043,3,113.7,3,-0.0
2026-05-10 23:12:03,1707,0,1,0,0,0,1045,386,1045,3,114.0,3,-1.0
2026-05-10 23:12:03,1710,0,1,0,0,0,1047,387,1047,3,114.3,3,-1.0
2026-05-10 23:12:03,1713,0,3,0,0,0,1049,388,1049,3,114.6,3,-3.0
2026-05-10 23:12:04,1716,0,3,0,0,0,1051,389,1051,3,114.9,3,-3.0
2026-05-10 23:12:04,1719,1,3,0,0,0,1053,390,1053,3,115.2,3,-3.0
2026-05-10 23:12:04,1722,1,3,0,0,0,1055,391,1055,3,115.5,3,-3.0
2026-05-10 23:12:05,1725,1,3,0,0,0,1057,392,1057,3,115.8,3,-4.0
2026-05-10 23:12:05,1728,2,3,0,0,0,1059,393,1059,3,116.1,3,-5.0
2026-05-10 23:12:05,1731,2,3,0,0,0,1061,394,1061,3,0.0,3,-6.0
2026-05-10 23:12:06,1734,2,3,0,0,0,1063,395,1063,3,0.0,3,-6.0
2026-05-10 23:12:06,1737,2,3,0,1,0,1065,396,1065,3,0.0,3,-6.0
2026-05-10 23:12:06,1740,2,3,0,1,0,1067,397,1067,3,0.0,3,-6.0
2026-05-10 23:12:07,1743,2,3,0,0,0,1069,398,1069,3,0.0,3,-6.0
2026-05-10 23:12:07,1746,2,1,0,0,0,1071,399,1071,3,0.0,3,-4.0
2026-05-10 23:12:07,1749,2,0,0,1,0,1073,400,1073,3,0.0,3,-4.0
2026-05-10 23:12:08,1752,1,0,0,1,0,1075,401,1075,3,0.0,3,-4.0
2026-05-10 23:12:08,1755,1,0,0,1,0,1077,402,1077,3,0.0,3,-5.0
2026-05-10 23:12:08,1758,1,0,0,1,0,1079,403,1079,3,0.0,3,-4.0
2026-05-10 23:12:09,1761,1,0,0,1,0,1081,404,1081,3,0.0,3,-3.0
2026-05-10 23:12:09,1764,1,0,0,1,0,1083,405,1083,3,0.0,3,-3.0
2026-05-10 23:12:09,1767,0,0,0,1,0,1085,406,1085,3,0.3,3,-3.0
2026-05-10 23:12:10,1770,0,0,0,1,0,1087,407,1087,3,0.6,3,-3.0
2026-05-10 23:12:10,1773,0,0,0,1,0,1089,408,1089,3,0.9,3,-3.0
2026-05-10 23:12:10,1776,0,0,0,1,0,1091,409,1091,3,1.2,3,-3.0
2026-05-10 23:12:11,1779,0,0,0,1,0,1093,410,1093,3,1.5,3,-3.0
2026-05-10 23:12:11,1782,0,0,0,1,0,1095,411,1095,3,1.8,3,-3.0
2026-05-10 23:12:11,1785,0,0,0,1,0,1097,412,1097,3,2.1,3,-3.0
2026-05-10 23:12:12,1788,0,0,0,1,0,1099,413,1099,3,2.4,3,-2.0
2026-05-10 23:12:12,1791,0,0,0,1,0,1101,414,1101,3,2.7,3,-2.0
2026-05-10 23:12:12,1794,0,0,0,1,0,1103,415,1103,3,3.0,3,-2.0
2026-05-10 23:12:13,1797,0,0,0,1,0,1105,416,1105,3,3.3,3,-2.0
2026-05-10 23:12:13,1800,0,0,0,1,0,1107,417,1107,3,3.6,3,-3.0
2026-05-10 23:12:13,1803,0,0,0,0,0,1109,418,1109,3,3.9,3,-4.0
2026-05-10 23:12:14,1806,0,0,0,0,0,1111,419,1111,3,4.2,3,-7.0
2026-05-10 23:12:14,1809,0,0,1,0,0,1113,420,1113,3,4.5,3,-8.0
2026-05-10 23:12:14,1812,0,0,2,0,0,1115,421,1115,3,4.8,3,-8.0
2026-05-10 23:12:15,1815,0,0,3,0,0,1117,422,1117,3,5.1,3,-9.0
2026-05-10 23:12:15,1818,0,0,3,0,0,1119,423,1119,3,5.4,3,-9.0
2026-05-10 23:12:16,1821,0,0,3,0,0,1121,424,1121,3,5.7,3,-9.0
2026-05-10 23:12:16,1824,0,0,3,0,0,1123,425,1123,3,6.0,3,-9.0
2026-05-10 23:12:16,1827,0,0,3,0,0,1125,426,1125,3,6.3,3,-9.0
2026-05-10 23:12:17,1830,0,0,3,0,0,1127,427,1127,3,6.6,3,-9.0
2026-05-10 23:12:17,1833,0,0,3,0,0,1129,428,1129,3,6.9,3,-8.0
2026-05-10 23:12:17,1836,0,0,3,0,0,1131,429,1131,3,7.2,3,-7.0
2026-05-10 23:12:18,1839,0,0,4,0,0,1133,430,1133,3,7.5,3,-6.0
2026-05-10 23:12:18,1842,0,0,4,0,0,1135,431,1135,3,7.8,3,-6.0
2026-05-10 23:12:18,1845,0,0,4,0,0,1137,432,1137,3,8.1,3,-6.0
2026-05-10 23:12:19,1848,0,0,3,0,0,1139,433,1139,3,8.4,3,-5.0
2026-05-10 23:12:19,1851,0,0,2,0,0,1141,434,1141,3,8.7,3,-4.0
2026-05-10 23:12:19,1854,0,0,2,0,0,1143,435,1143,3,9.0,3,-4.0
2026-05-10 23:12:20,1857,1,0,2,0,0,1145,436,1145,3,9.3,3,-4.0
2026-05-10 23:12:20,1860,1,0,2,0,0,1147,437,1147,3,9.6,3,-4.0
2026-05-10 23:12:20,1863,1,0,2,0,0,1149,438,1149,3,9.9,3,-4.0
2026-05-10 23:12:21,1866,1,0,2,0,0,1151,439,1151,3,10.2,3,-3.0
2026-05-10 23:12:21,1869,1,0,2,0,0,1153,440,1153,3,10.5,3,-3.0
2026-05-10 23:12:21,1872,1,0,1,0,0,1155,441,1155,3,10.8,3,-2.0
2026-05-10 23:12:22,1875,1,0,0,0,0,1157,442,1157,3,11.1,3,-1.0
2026-05-10 23:12:22,1878,1,0,0,0,0,1159,443,1159,3,11.4,3,-1.0
2026-05-10 23:12:22,1881,3,0,0,0,0,1161,444,1161,3,11.7,3,-1.0
2026-05-10 23:12:23,1884,3,0,0,0,0,1163,445,1163,3,12.0,3,-1.0
2026-05-10 23:12:23,1887,3,0,0,0,0,1165,446,1165,3,12.3,3,-2.0
2026-05-10 23:12:24,1890,2,0,0,0,0,1167,447,1167,3,12.6,3,-3.0
2026-05-10 23:12:24,1893,2,0,0,0,0,1169,448,1169,3,12.9,3,-3.0
2026-05-10 23:12:24,1896,2,0,0,0,0,1171,449,1171,3,13.2,3,-3.0
2026-05-10 23:12:24,1899,2,0,0,0,0,1173,450,1173,3,13.5,3,-2.0
2026-05-10 23:12:25,1902,2,0,0,0,0,1175,451,1175,3,13.8,3,-2.0
2026-05-10 23:12:25,1905,2,0,0,0,0,1177,452,1177,3,14.1,3,-2.0
2026-05-10 23:12:26,1908,2,0,0,0,0,1179,453,1179,3,14.4,3,-2.0
2026-05-10 23:12:26,1911,2,0,0,0,0,1181,454,1181,3,14.7,3,-2.0
2026-05-10 23:12:26,1914,0,0,0,0,0,1183,455,1183,3,15.0,3,-2.0
2026-05-10 23:12:27,1917,0,0,0,0,0,1185,456,1185,3,15.3,3,-2.0
2026-05-10 23:23:09,0,0,0,0,10,1,1,1,1,0,0.0,0,-0.0
2026-05-10 23:23:09,3,1,0,0,10,2,1,2,1,0,0.3,0,-5.0
2026-05-10 23:23:09,6,1,1,0,10,3,1,3,1,0,0.6,0,-10.0
2026-05-10 23:23:10,9,2,1,0,10,4,1,4,1,0,0.9,0,-34.0
2026-05-10 23:23:10,12,2,1,0,10,5,1,5,1,0,1.2,0,-52.0
2026-05-10 23:23:10,15,2,1,0,10,6,1,6,1,0,1.5,0,-74.0
2026-05-10 23:23:11,18,2,0,0,10,7,1,7,1,0,1.8,0,-100.0
2026-05-10 23:23:11,21,2,0,0,10,8,1,8,1,0,2.1,0,-130.0
2026-05-10 23:23:11,24,2,0,0,10,9,1,9,1,0,2.4,0,-164.0
2026-05-10 23:23:11,27,2,0,0,10,10,1,10,1,0,2.7,0,-202.0
2026-05-10 23:23:12,30,3,0,0,10,11,1,11,1,0,3.0,0,-366.0
2026-05-10 23:23:12,33,3,0,0,0,12,1,12,1,0,3.3,0,-435.0
2026-05-10 23:23:12,36,3,0,0,0,13,1,13,1,0,3.6,0,-510.0
2026-05-10 23:23:13,39,3,0,0,0,14,1,14,1,0,3.9,0,-591.0
2026-05-10 23:23:13,42,3,0,0,0,15,1,15,1,0,4.2,0,-678.0
2026-05-10 23:23:13,45,3,0,0,0,16,1,16,1,0,4.5,0,-771.0
2026-05-10 23:23:13,48,3,0,0,0,17,1,17,1,0,4.8,0,-870.0
2026-05-10 23:23:14,51,3,0,0,0,18,1,18,1,0,5.1,0,-975.0
2026-05-10 23:23:14,54,3,0,0,0,19,1,19,1,0,5.4,0,-1086.0
2026-05-10 23:23:14,57,3,0,0,0,20,1,20,1,0,5.7,0,-1203.0
2026-05-10 23:23:15,60,3,0,0,0,21,1,21,1,0,6.0,0,-1326.0
2026-05-10 23:23:15,63,2,0,0,0,22,1,22,1,0,6.3,0,-970.0
2026-05-10 23:23:15,66,2,0,0,0,23,1,23,1,0,6.6,0,-1060.0
2026-05-10 23:23:16,69,2,0,0,0,24,1,24,1,0,6.9,0,-1154.0
2026-05-10 23:23:16,72,2,0,0,0,25,1,25,1,0,7.2,0,-1252.0
2026-05-10 23:23:16,75,2,0,0,0,26,1,26,1,0,7.5,0,-1354.0
2026-05-10 23:23:16,78,2,0,1,0,27,1,27,1,0,7.8,0,-2190.0
2026-05-10 23:23:17,81,3,0,1,0,28,1,28,1,0,8.1,0,-3140.0
2026-05-10 23:23:17,84,4,0,1,0,29,1,29,1,0,8.4,0,-4210.0
2026-05-10 23:23:17,87,4,0,1,0,30,1,30,1,0,8.7,0,-4505.0
2026-05-10 23:23:18,90,4,0,1,0,31,1,31,1,0,9.0,0,-4810.0
2026-05-10 23:23:18,93,4,0,1,0,32,1,32,1,0,9.3,0,-5125.0
2026-05-10 23:23:18,96,4,0,1,0,33,1,33,1,0,9.6,0,-5450.0
2026-05-10 23:23:18,99,4,0,1,0,34,1,34,1,0,9.9,0,-5785.0
2026-05-10 23:23:19,102,4,0,1,0,35,1,35,1,0,10.2,0,-6130.0
2026-05-10 23:23:19,105,4,0,1,0,36,1,36,1,0,10.5,0,-6485.0
2026-05-10 23:23:19,108,4,0,0,0,37,1,37,1,0,10.8,0,-5480.0
2026-05-10 23:23:20,111,5,0,0,0,38,1,38,1,0,11.1,0,-7225.0
2026-05-10 23:23:20,114,4,0,0,0,39,1,39,1,0,11.4,0,-6088.0
2026-05-10 23:23:20,117,3,0,0,0,40,1,40,1,0,11.7,0,-4803.0
2026-05-10 23:23:21,120,3,0,0,0,41,1,41,1,0,12.0,0,-5046.0
2026-05-10 23:23:21,123,3,0,0,0,42,1,42,1,0,12.3,0,-5295.0
2026-05-10 23:23:21,126,4,0,0,0,43,1,43,1,0,12.6,0,-7400.0
2026-05-10 23:23:21,129,4,0,0,0,44,1,44,1,0,12.9,0,-7748.0
2026-05-10 23:23:22,132,4,0,0,0,45,1,45,1,0,13.2,0,-8104.0
2026-05-10 23:23:22,135,4,0,0,0,46,1,46,1,0,13.5,0,-8468.0
2026-05-10 23:23:22,138,4,0,0,0,47,1,47,1,0,13.8,0,-8840.0
2026-05-10 23:23:23,141,4,0,0,0,48,1,48,1,0,14.1,0,-9220.0
2026-05-10 23:23:23,150,4,1,0,0,0,7,51,7,3,0.3,3,-50.0
2026-05-10 23:23:24,153,4,1,0,0,0,9,52,9,3,0.6,3,-82.0
2026-05-10 23:23:24,156,4,1,0,0,0,11,53,11,3,0.9,3,-122.0
2026-05-10 23:23:26,159,4,1,0,0,0,13,54,13,3,1.2,3,-11.0
2026-05-10 23:23:27,162,4,1,0,0,0,15,55,15,3,1.5,3,-12.0
2026-05-10 23:23:27,165,4,1,0,0,0,17,56,17,3,1.8,3,-12.0
2026-05-10 23:23:27,168,5,1,0,0,0,19,57,19,3,2.1,3,-15.0
2026-05-10 23:23:27,171,5,1,0,0,0,21,58,21,3,2.4,3,-16.0
2026-05-10 23:23:28,174,5,1,0,0,0,23,59,23,3,2.7,3,-530.0
2026-05-10 23:23:28,177,5,3,0,0,0,25,60,25,3,3.0,3,-1878.0
2026-05-10 23:23:29,183,6,4,0,0,0,29,62,29,3,0.3,3,-3368.0
2026-05-10 23:23:29,186,7,6,0,0,0,31,63,31,3,0.6,3,-5772.0
2026-05-10 23:23:29,189,7,7,0,0,0,33,64,33,3,0.9,3,-7630.0
2026-05-10 23:23:29,192,7,7,0,0,0,35,65,35,3,1.2,3,-8582.0
2026-05-10 23:23:30,195,6,10,0,0,0,37,66,37,3,1.5,3,-13700.0
2026-05-10 23:23:30,198,6,10,0,0,0,39,67,39,3,1.8,3,-15220.0
2026-05-10 23:23:30,201,6,10,0,0,0,41,68,41,3,2.1,3,-16820.0
2026-05-10 23:23:31,207,7,10,0,0,0,45,70,45,3,0.3,3,-20260.0
2026-05-10 23:23:31,210,7,9,0,0,0,47,71,47,3,0.6,3,-19890.0
2026-05-10 23:23:32,213,7,9,0,0,0,49,72,49,3,0.9,3,-21618.0
2026-05-10 23:23:32,216,7,9,0,0,0,51,73,51,3,1.2,3,-23418.0
2026-05-10 23:23:32,219,6,9,0,0,0,53,74,53,3,1.5,3,-25290.0
2026-05-10 23:23:33,222,5,8,0,0,0,55,75,55,3,1.8,3,-24208.0
2026-05-10 23:23:33,225,5,11,0,0,0,57,76,57,3,2.1,3,-35750.0
2026-05-10 23:23:33,228,4,10,0,0,0,59,77,59,3,2.4,3,-34820.0
2026-05-10 23:23:34,231,4,9,0,0,0,61,78,61,3,2.7,3,-33498.0
2026-05-10 23:23:34,237,4,10,0,0,0,65,80,65,3,0.3,3,-42260.0
2026-05-10 23:23:35,240,4,10,0,0,0,67,81,67,3,0.6,3,-44900.0
2026-05-10 23:23:35,243,5,9,0,0,0,69,82,69,3,0.9,3,-42858.0
2026-05-10 23:23:35,246,4,11,0,0,0,71,83,71,3,1.2,3,-55462.0
2026-05-10 23:23:35,249,4,11,1,4,0,73,84,73,3,1.5,3,-87007.0
2026-05-10 23:23:36,252,4,11,2,4,0,75,85,75,3,1.8,3,-98842.0
2026-05-10 23:23:36,255,5,11,2,4,0,77,86,77,3,2.1,3,-103744.0
2026-05-10 23:23:37,258,6,10,2,4,0,79,87,79,3,2.4,3,-102528.0
2026-05-10 23:23:37,261,6,9,2,5,0,81,88,81,3,2.7,3,-107358.0
2026-05-10 23:23:37,264,6,9,2,5,0,83,89,83,3,3.0,3,-112304.0
2026-05-10 23:23:38,267,6,6,2,5,0,85,90,85,3,3.3,3,-95688.0
2026-05-10 23:23:38,270,6,2,2,5,0,87,91,87,3,3.6,3,-69554.0
2026-05-10 23:23:38,273,3,2,1,5,0,89,92,89,3,3.9,3,-63919.0
2026-05-10 23:23:39,276,3,2,1,5,0,91,93,91,3,4.2,3,-66624.0
2026-05-10 23:23:39,279,5,0,1,6,0,93,94,93,3,4.5,3,-60737.0
2026-05-10 23:23:39,282,5,0,1,4,0,95,95,95,3,4.8,3,-45130.0
2026-05-10 23:23:40,285,5,0,1,4,0,97,96,97,3,5.1,3,-46857.0
2026-05-10 23:23:40,288,5,0,1,4,0,99,97,99,3,5.4,3,-48618.0
2026-05-10 23:23:40,291,5,0,1,4,0,101,98,101,3,5.7,3,-50413.0
2026-05-10 23:23:41,294,6,0,1,4,0,103,99,103,3,6.0,3,-52242.0
2026-05-10 23:23:41,297,6,0,2,4,0,105,100,105,3,6.3,3,-64106.0
2026-05-10 23:23:41,303,6,0,2,4,0,109,102,109,3,0.3,3,-68338.0
2026-05-10 23:23:42,306,5,0,2,4,0,111,103,111,3,0.6,3,-70508.0
2026-05-10 23:23:42,309,4,0,2,4,0,113,104,113,3,0.9,3,-72714.0
2026-05-10 23:23:46,345,0,0,0,3,0,137,116,137,3,0.3,3,-56310.0
2026-05-10 23:23:46,348,0,0,0,3,0,139,117,139,3,0.6,3,-57966.0
2026-05-10 23:23:46,351,0,0,0,3,0,141,118,141,3,0.9,3,-59646.0
2026-05-10 23:23:46,354,0,0,0,2,0,143,119,143,3,1.2,3,-40900.0
2026-05-10 23:23:47,357,0,0,0,1,0,145,120,145,3,1.5,3,-21026.0
2026-05-10 23:23:47,360,0,0,1,1,0,147,121,147,3,1.8,3,-36252.0
2026-05-10 23:23:48,369,0,0,3,0,3,153,0,153,1,0.3,1,-0.0
2026-05-10 23:23:48,372,0,0,3,0,4,155,0,155,1,0.6,1,-0.0
2026-05-10 23:23:48,375,1,0,3,0,5,157,0,157,1,0.9,1,-26.0
2026-05-10 23:23:49,378,1,0,3,0,6,159,0,159,1,1.2,1,-37.0
2026-05-10 23:23:49,381,1,0,3,0,7,161,0,161,1,1.5,1,-50.0
2026-05-10 23:23:49,384,1,0,3,0,8,163,0,163,1,1.8,1,-65.0
2026-05-10 23:23:50,387,1,0,3,0,9,165,0,165,1,2.1,1,-82.0
2026-05-10 23:23:50,390,1,0,3,0,10,167,0,167,1,2.4,1,-101.0
2026-05-10 23:23:50,393,1,0,3,0,11,169,0,169,1,2.7,1,-122.0
2026-05-10 23:23:50,396,1,0,2,0,12,171,0,171,1,3.0,1,-145.0
2026-05-10 23:23:51,399,1,0,2,0,13,173,0,173,1,3.3,1,-170.0
2026-05-10 23:23:51,402,1,0,1,0,14,175,0,175,1,3.6,1,-197.0
2026-05-10 23:23:51,405,1,0,1,0,15,177,0,177,1,3.9,1,-226.0
2026-05-10 23:23:52,408,0,0,0,0,16,179,0,179,1,4.2,1,-0.0
2026-05-10 23:23:52,411,0,0,0,0,17,181,0,181,1,4.5,1,-0.0
2026-05-10 23:23:52,414,0,0,0,0,18,183,0,183,1,4.8,1,-0.0
2026-05-10 23:23:52,417,0,0,0,0,19,185,0,185,1,5.1,1,-0.0
2026-05-10 23:23:53,420,0,0,0,0,20,187,0,187,1,5.4,1,-0.0
2026-05-10 23:23:53,423,0,0,0,0,21,189,0,189,1,5.7,1,-0.0
2026-05-10 23:23:53,426,0,0,0,0,22,191,0,191,1,6.0,1,-0.0
2026-05-10 23:23:53,429,0,0,0,0,23,193,0,193,1,6.3,1,-0.0
2026-05-10 23:23:54,432,0,1,0,0,24,195,0,195,1,6.6,1,-38026.0
2026-05-10 23:23:54,435,0,1,0,0,25,197,0,197,1,6.9,1,-38810.0
2026-05-10 23:23:54,438,0,1,0,0,26,199,0,199,1,7.2,1,-39602.0
2026-05-10 23:23:55,441,0,2,0,0,27,201,0,201,1,7.5,1,-80804.0
2026-05-10 23:23:55,444,0,2,0,0,28,203,0,203,1,7.8,1,-82420.0
2026-05-10 23:23:55,447,0,2,0,0,29,205,0,205,1,8.1,1,-84052.0
2026-05-10 23:23:56,450,0,2,0,0,30,207,0,207,1,8.4,1,-85700.0
2026-05-10 23:23:56,453,0,2,0,0,31,209,0,209,1,8.7,1,-87364.0
2026-05-10 23:23:56,456,0,2,0,0,32,211,0,211,1,9.0,1,-89044.0
2026-05-10 23:23:56,459,0,2,0,0,33,213,0,213,1,9.3,1,-90740.0
2026-05-10 23:23:57,462,0,2,0,0,34,215,0,215,1,9.6,1,-92452.0
2026-05-10 23:23:57,465,0,2,0,0,35,217,0,217,1,9.9,1,-94180.0
2026-05-10 23:23:57,468,0,2,0,0,36,219,0,219,1,10.2,1,-95924.0
2026-05-10 23:23:58,471,0,2,0,0,37,221,0,221,1,10.5,1,-97684.0
2026-05-10 23:23:58,474,0,2,1,0,38,223,0,223,1,10.8,1,-99460.0
2026-05-10 23:23:58,477,0,2,1,0,39,225,0,225,1,11.1,1,-101252.0
2026-05-10 23:23:59,480,0,2,1,0,40,227,0,227,1,11.4,1,-103060.0
2026-05-10 23:23:59,483,0,2,1,0,41,229,0,229,1,11.7,1,-104884.0
2026-05-10 23:23:59,486,0,2,1,0,42,231,0,231,1,12.0,1,-106724.0
2026-05-10 23:23:59,489,0,2,1,0,43,233,0,233,1,12.3,1,-108580.0
2026-05-10 23:24:00,492,0,2,1,0,44,235,0,235,1,12.6,1,-110452.0
2026-05-10 23:24:00,495,0,2,1,2,45,237,0,237,1,12.9,1,-224680.0
2026-05-10 23:24:00,498,0,4,1,2,46,239,0,239,1,13.2,1,-342732.0
2026-05-10 23:24:01,501,0,3,1,1,47,241,0,241,1,13.5,1,-232328.0
2026-05-10 23:24:01,504,0,3,1,1,48,243,0,243,1,13.8,1,-236200.0
2026-05-10 23:24:01,507,0,3,1,1,49,245,0,245,1,14.1,1,-240104.0
2026-05-10 23:24:01,510,0,3,0,1,50,247,0,247,1,14.4,1,-244040.0
2026-05-10 23:24:02,513,0,3,0,4,51,249,0,249,1,14.7,1,-434014.0
2026-05-10 23:24:02,516,0,3,0,4,52,251,0,251,1,15.0,1,-441014.0
2026-05-10 23:24:02,519,0,3,0,4,53,253,0,253,1,15.3,1,-448070.0
2026-05-10 23:24:03,522,0,3,0,4,54,255,0,255,1,15.6,1,-455182.0
2026-05-10 23:24:03,525,0,1,0,4,55,257,0,257,1,15.9,1,-330250.0
2026-05-10 23:24:03,528,0,1,0,4,56,259,0,259,1,16.2,1,-335410.0
2026-05-10 23:24:03,531,0,0,0,4,57,261,0,261,1,16.5,1,-272488.0
2026-05-10 23:24:04,534,0,0,0,4,58,263,0,263,1,16.8,1,-276680.0
2026-05-10 23:24:04,537,2,0,0,3,59,265,0,265,1,17.1,1,-217642.0
2026-05-10 23:24:04,540,2,0,0,5,60,267,0,267,1,17.4,1,-363652.0
2026-05-10 23:24:05,543,2,0,0,5,61,269,0,269,1,17.7,1,-369254.0
2026-05-10 23:24:05,546,3,0,0,5,62,271,0,271,1,18.0,1,-378745.0
2026-05-10 23:24:07,570,1,0,0,3,0,287,8,287,3,0.3,3,-247110.0
2026-05-10 23:24:08,573,1,0,0,0,0,289,9,289,3,0.6,3,-0.0
2026-05-10 23:24:08,576,1,0,0,0,0,291,10,291,3,0.9,3,-0.0
2026-05-10 23:24:08,579,1,0,0,0,0,293,11,293,3,1.2,3,-0.0
2026-05-10 23:24:08,582,1,0,0,0,0,295,12,295,3,1.5,3,-0.0
2026-05-10 23:24:09,585,1,0,0,0,0,297,13,297,3,1.8,3,-0.0
2026-05-10 23:24:09,588,1,0,0,0,0,299,14,299,3,2.1,3,-0.0
2026-05-10 23:24:09,591,1,0,0,0,0,301,15,301,3,2.4,3,-0.0
2026-05-10 23:24:10,594,1,0,0,0,0,303,16,303,3,2.7,3,-0.0
2026-05-10 23:24:10,597,1,0,0,0,0,305,17,305,3,3.0,3,-0.0
2026-05-10 23:24:10,600,1,0,0,0,0,307,18,307,3,3.3,3,-0.0
2026-05-10 23:24:10,603,0,0,0,0,0,309,19,309,3,3.6,3,-0.0
2026-05-10 23:24:11,606,0,0,0,0,0,311,20,311,3,3.9,3,-0.0
2026-05-10 23:24:11,609,0,0,0,0,0,313,21,313,3,4.2,3,-0.0
2026-05-10 23:24:11,612,0,0,0,0,0,315,22,315,3,4.5,3,-0.0
2026-05-10 23:24:12,615,0,0,0,0,0,317,23,317,3,4.8,3,-0.0
2026-05-10 23:24:12,618,0,0,0,0,0,319,24,319,3,5.1,3,-0.0
2026-05-10 23:24:12,621,0,0,0,0,0,321,25,321,3,5.4,3,-0.0
2026-05-10 23:24:12,624,0,0,0,0,0,323,26,323,3,5.7,3,-0.0
2026-05-10 23:24:13,627,0,0,0,0,0,325,27,325,3,6.0,3,-0.0
2026-05-10 23:24:13,630,1,0,0,0,0,327,28,327,3,6.3,3,-0.0
2026-05-10 23:24:13,633,0,0,0,0,0,329,29,329,3,6.6,3,-0.0
2026-05-10 23:24:14,636,0,0,0,0,0,331,30,331,3,6.9,3,-0.0
2026-05-10 23:24:14,639,0,0,0,0,0,333,31,333,3,7.2,3,-0.0
2026-05-10 23:24:14,642,0,0,0,0,0,335,32,335,3,7.5,3,-0.0
2026-05-10 23:24:14,645,0,0,0,0,0,337,33,337,3,7.8,3,-0.0
2026-05-10 23:24:15,648,0,0,0,0,0,339,34,339,3,8.1,3,-0.0
2026-05-10 23:24:15,651,0,0,1,0,0,341,35,341,3,8.4,3,-1226.0
2026-05-10 23:24:15,654,0,0,1,0,0,343,36,343,3,8.7,3,-1297.0
2026-05-10 23:24:16,657,0,0,1,0,0,345,37,345,3,9.0,3,-1370.0
2026-05-10 23:24:16,660,0,0,1,0,0,347,38,347,3,9.3,3,-1445.0
2026-05-10 23:24:16,663,0,0,1,0,0,349,39,349,3,9.6,3,-1522.0
2026-05-10 23:24:16,666,0,0,1,0,0,351,40,351,3,9.9,3,-1601.0
2026-05-10 23:24:17,669,0,0,1,0,0,353,41,353,3,10.2,3,-1682.0
2026-05-10 23:24:17,672,0,0,1,0,0,355,42,355,3,10.5,3,-1765.0
2026-05-10 23:24:17,675,0,0,1,0,0,357,43,357,3,10.8,3,-1850.0
2026-05-10 23:24:18,678,0,0,1,0,0,359,44,359,3,11.1,3,-1937.0
2026-05-10 23:24:18,681,0,0,1,0,0,361,45,361,3,11.4,3,-2026.0
2026-05-10 23:24:18,684,0,0,1,0,0,363,46,363,3,11.7,3,-2117.0
2026-05-10 23:24:18,687,0,0,1,0,0,365,47,365,3,12.0,3,-2210.0
2026-05-10 23:24:19,690,0,0,1,0,0,367,48,367,3,12.3,3,-2305.0
2026-05-10 23:24:19,693,0,0,0,0,0,369,49,369,3,12.6,3,-0.0
2026-05-10 23:24:19,696,0,0,0,0,0,371,50,371,3,12.9,3,-0.0
2026-05-10 23:24:19,699,0,0,0,0,0,373,51,373,3,13.2,3,-0.0
2026-05-10 23:24:20,702,0,0,0,0,0,375,52,375,3,13.5,3,-0.0
2026-05-10 23:24:20,705,0,0,0,0,0,377,53,377,3,13.8,3,-0.0
2026-05-10 23:24:20,708,0,0,0,0,0,379,54,379,3,14.1,3,-0.0
2026-05-10 23:24:21,711,0,0,0,0,0,381,55,381,3,14.4,3,-0.0
2026-05-10 23:24:21,714,0,0,0,0,0,383,56,383,3,14.7,3,-0.0
2026-05-10 23:24:21,717,0,0,0,0,0,385,57,385,3,15.0,3,-0.0
2026-05-10 23:24:21,720,0,0,0,0,0,387,58,387,3,15.3,3,-0.0
2026-05-10 23:24:22,723,0,0,0,0,0,389,59,389,3,15.6,3,-0.0
2026-05-10 23:24:22,726,0,0,0,0,0,391,60,391,3,15.9,3,-0.0
2026-05-10 23:24:22,729,0,0,0,0,0,393,61,393,3,16.2,3,-0.0
2026-05-10 23:24:23,732,0,0,0,0,0,395,62,395,3,16.5,3,-0.0
2026-05-10 23:24:23,735,0,0,0,0,0,397,63,397,3,16.8,3,-0.0
2026-05-10 23:24:23,738,0,0,0,0,0,399,64,399,3,17.1,3,-0.0
2026-05-10 23:24:23,741,0,0,0,0,0,401,65,401,3,17.4,3,-0.0
2026-05-10 23:24:24,744,0,0,0,0,0,403,66,403,3,17.7,3,-0.0
2026-05-10 23:24:24,747,0,0,0,0,0,405,67,405,3,18.0,3,-0.0
2026-05-10 23:24:24,750,0,0,0,0,0,407,68,407,3,18.3,3,-0.0
2026-05-10 23:24:25,753,0,0,0,0,0,409,69,409,3,18.6,3,-0.0
2026-05-10 23:24:25,756,0,0,0,0,0,411,70,411,3,18.9,3,-0.0
2026-05-10 23:24:25,759,0,0,0,0,0,413,71,413,3,19.2,3,-0.0
2026-05-10 23:24:25,762,0,0,0,0,0,415,72,415,3,19.5,3,-0.0
2026-05-10 23:24:26,765,0,0,0,0,0,417,73,417,3,19.8,3,-0.0
2026-05-10 23:24:26,768,0,0,0,0,0,419,74,419,3,20.1,3,-0.0
2026-05-10 23:24:26,771,0,0,0,0,0,421,75,421,3,20.4,3,-0.0
2026-05-10 23:24:27,774,0,0,0,0,0,423,76,423,3,20.7,3,-0.0
2026-05-10 23:24:27,777,0,0,1,0,0,425,77,425,3,21.0,3,-5930.0
2026-05-10 23:24:27,780,0,0,1,0,0,427,78,427,3,21.3,3,-6085.0
2026-05-10 23:24:27,783,0,0,1,0,0,429,79,429,3,21.6,3,-6242.0
2026-05-10 23:24:28,786,0,0,1,0,0,431,80,431,3,21.9,3,-6401.0
2026-05-10 23:24:28,789,0,0,1,0,0,433,81,433,3,22.2,3,-6562.0
2026-05-10 23:24:28,792,0,0,1,0,0,435,82,435,3,22.5,3,-6725.0
2026-05-10 23:24:28,795,0,0,1,0,0,437,83,437,3,22.8,3,-6890.0
2026-05-10 23:24:29,798,0,0,1,0,0,439,84,439,3,23.1,3,-7057.0
2026-05-10 23:24:29,801,0,0,1,0,0,441,85,441,3,23.4,3,-7226.0
2026-05-10 23:24:29,804,0,0,1,0,0,443,86,443,3,23.7,3,-7397.0
2026-05-10 23:24:30,807,0,0,1,0,0,445,87,445,3,24.0,3,-7570.0
2026-05-10 23:24:30,810,0,0,1,0,0,447,88,447,3,24.3,3,-7745.0
2026-05-10 23:24:30,813,0,0,1,0,0,449,89,449,3,24.6,3,-7922.0
2026-05-10 23:24:31,816,0,0,0,0,0,451,90,451,3,24.9,3,-0.0
2026-05-10 23:24:31,819,0,0,0,0,0,453,91,453,3,25.2,3,-0.0
2026-05-10 23:24:31,822,0,0,0,0,0,455,92,455,3,25.5,3,-0.0
2026-05-10 23:24:31,825,0,0,0,0,0,457,93,457,3,25.8,3,-0.0
2026-05-10 23:24:32,828,0,0,0,0,0,459,94,459,3,26.1,3,-0.0
2026-05-10 23:24:32,831,0,0,0,0,0,461,95,461,3,26.4,3,-0.0
2026-05-10 23:24:32,834,0,0,0,1,0,463,96,463,3,26.7,3,-214370.0
2026-05-10 23:24:32,837,0,0,0,1,0,465,97,465,3,27.0,3,-216226.0
2026-05-10 23:24:33,840,0,0,0,1,0,467,98,467,3,27.3,3,-218090.0
2026-05-10 23:24:33,843,0,0,0,1,0,469,99,469,3,27.6,3,-219962.0
2026-05-10 23:24:33,846,1,0,0,1,0,471,100,471,3,27.9,3,-221842.0
2026-05-10 23:24:34,849,1,0,0,1,0,473,101,473,3,28.2,3,-223730.0
2026-05-10 23:24:34,852,1,0,0,1,0,475,102,475,3,28.5,3,-225626.0
2026-05-10 23:24:34,855,1,0,0,1,0,477,103,477,3,28.8,3,-227530.0
2026-05-10 23:24:34,858,1,0,0,1,0,479,104,479,3,29.1,3,-229442.0
2026-05-10 23:24:35,861,1,0,0,1,0,481,105,481,3,29.4,3,-231362.0
2026-05-10 23:24:35,864,1,0,0,1,0,483,106,483,3,29.7,3,-233290.0
2026-05-10 23:24:35,867,1,0,0,0,0,485,107,485,3,30.0,3,-0.0
2026-05-10 23:24:36,870,1,0,0,0,0,487,108,487,3,30.3,3,-0.0
2026-05-10 23:24:36,873,1,0,0,0,0,489,109,489,3,30.6,3,-0.0
2026-05-10 23:24:36,876,1,0,0,0,0,491,110,491,3,30.9,3,-0.0
2026-05-10 23:24:36,879,0,0,0,0,0,493,111,493,3,31.2,3,-0.0
2026-05-10 23:24:37,882,0,0,0,0,0,495,112,495,3,31.5,3,-0.0
2026-05-10 23:24:37,885,1,0,0,0,0,497,113,497,3,31.8,3,-0.0
2026-05-10 23:24:37,888,1,0,0,0,0,499,114,499,3,32.1,3,-0.0
2026-05-10 23:24:38,891,1,0,0,0,0,501,115,501,3,32.4,3,-0.0
2026-05-10 23:24:38,894,1,0,0,0,0,503,116,503,3,32.7,3,-0.0
2026-05-10 23:24:38,897,1,0,0,0,0,505,117,505,3,33.0,3,-0.0
2026-05-10 23:24:38,900,1,0,0,0,0,507,118,507,3,33.3,3,-0.0
2026-05-10 23:24:39,903,1,0,2,0,0,509,119,509,3,33.6,3,-28324.0
2026-05-10 23:24:39,906,1,0,2,0,0,511,120,511,3,33.9,3,-28802.0
2026-05-10 23:24:39,909,1,0,3,0,0,513,121,513,3,34.2,3,-43926.0
2026-05-10 23:24:40,912,1,0,3,0,0,515,122,515,3,34.5,3,-44655.0
2026-05-10 23:24:40,915,1,0,3,0,0,517,123,517,3,34.8,3,-45390.0
2026-05-10 23:24:40,918,2,0,3,0,0,519,124,519,3,35.1,3,-46131.0
2026-05-10 23:24:40,921,2,0,3,0,0,521,125,521,3,35.4,3,-46878.0
2026-05-10 23:24:41,924,2,0,3,0,0,523,126,523,3,35.7,3,-47631.0
2026-05-10 23:24:41,927,2,0,3,0,0,525,127,525,3,36.0,3,-48390.0
2026-05-10 23:24:41,930,2,0,3,0,0,527,128,527,3,36.3,3,-49155.0
2026-05-10 23:24:42,933,2,0,3,0,0,529,129,529,3,36.6,3,-49926.0
2026-05-10 23:24:42,936,2,0,2,0,0,531,130,531,3,36.9,3,-33802.0
2026-05-10 23:24:42,939,2,0,1,1,0,533,131,533,3,37.2,3,-301252.0
2026-05-10 23:24:42,942,2,0,0,1,0,535,132,535,3,37.5,3,-286226.0
2026-05-10 23:24:43,945,2,0,0,2,0,537,133,537,3,37.8,3,-576740.0
2026-05-10 23:24:43,948,2,0,0,2,0,539,134,539,3,38.1,3,-581044.0
2026-05-10 23:24:43,951,0,0,0,2,0,541,135,541,3,38.4,3,-585364.0
2026-05-10 23:24:44,954,0,0,0,2,0,543,136,543,3,38.7,3,-589700.0
2026-05-10 23:24:44,957,0,0,0,3,0,545,137,545,3,39.0,3,-891078.0
2026-05-10 23:24:44,960,0,0,0,3,0,547,138,547,3,39.3,3,-897630.0
2026-05-10 23:24:44,963,0,0,0,4,0,549,139,549,3,39.6,3,-1205608.0
2026-05-10 23:24:45,966,0,0,0,4,0,551,140,551,3,39.9,3,-1214408.0
2026-05-10 23:24:45,969,0,0,0,4,0,553,141,553,3,40.2,3,-1223240.0
2026-05-10 23:24:45,972,0,0,0,4,0,555,142,555,3,40.5,3,-1232104.0
2026-05-10 23:24:46,975,0,0,0,4,0,557,143,557,3,40.8,3,-1241000.0
2026-05-10 23:24:46,978,0,0,0,4,0,559,144,559,3,41.1,3,-1249928.0
2026-05-10 23:24:46,981,0,0,0,4,0,561,145,561,3,41.4,3,-1258888.0
2026-05-10 23:24:46,984,0,0,0,4,0,563,146,563,3,41.7,3,-1267880.0
2026-05-10 23:24:47,987,0,0,0,4,0,565,147,565,3,42.0,3,-1276904.0
2026-05-10 23:24:47,990,0,0,0,4,0,567,148,567,3,42.3,3,-1285960.0
2026-05-10 23:24:47,993,0,0,0,4,0,569,149,569,3,42.6,3,-1295048.0
2026-05-10 23:24:48,996,0,0,0,4,0,571,150,571,3,42.9,3,-1304168.0
2026-05-10 23:24:48,999,0,0,0,4,0,573,151,573,3,43.2,3,-1313320.0
2026-05-10 23:24:48,1002,0,0,0,4,0,575,152,575,3,43.5,3,-1322504.0
2026-05-10 23:24:48,1005,0,0,0,4,0,577,153,577,3,43.8,3,-1331720.0
2026-05-10 23:24:49,1008,0,0,0,4,0,579,154,579,3,44.1,3,-1340968.0
2026-05-10 23:24:49,1011,0,0,0,4,0,581,155,581,3,44.4,3,-1350248.0
2026-05-10 23:24:49,1014,0,0,0,4,0,583,156,583,3,44.7,3,-1359560.0
2026-05-10 23:24:49,1017,0,0,0,3,0,585,157,585,3,45.0,3,-1026678.0
2026-05-10 23:24:50,1020,0,0,0,3,0,587,158,587,3,45.3,3,-1033710.0
2026-05-10 23:24:50,1023,0,0,0,2,0,589,159,589,3,45.6,3,-693844.0
2026-05-10 23:24:50,1026,0,0,0,2,0,591,160,591,3,45.9,3,-698564.0
2026-05-10 23:24:51,1029,0,0,0,2,0,593,161,593,3,46.2,3,-703300.0
2026-05-10 23:24:51,1032,0,0,0,2,0,595,162,595,3,46.5,3,-708052.0
2026-05-10 23:24:51,1035,0,0,1,2,0,597,163,597,3,46.8,3,-739390.0
2026-05-10 23:24:51,1038,1,0,1,1,0,599,164,599,3,47.1,3,-385699.0
2026-05-10 23:24:52,1041,1,0,1,1,0,601,165,601,3,47.4,3,-388428.0
2026-05-10 23:24:52,1044,1,0,1,1,0,603,166,603,3,47.7,3,-391167.0
2026-05-10 23:24:52,1047,1,0,1,0,0,605,167,605,3,48.0,3,-27890.0
2026-05-10 23:24:53,1050,1,0,1,0,0,607,168,607,3,48.3,3,-28225.0
2026-05-10 23:24:53,1053,1,0,1,0,0,609,169,609,3,48.6,3,-28562.0
2026-05-10 23:24:53,1056,1,0,1,0,0,611,170,611,3,48.9,3,-28901.0
2026-05-10 23:24:53,1059,1,0,1,0,0,613,171,613,3,49.2,3,-29242.0
2026-05-10 23:24:54,1062,1,0,1,0,0,615,172,615,3,49.5,3,-29585.0
2026-05-10 23:24:54,1065,1,0,1,0,0,617,173,617,3,49.8,3,-29930.0
2026-05-10 23:24:54,1068,1,0,0,0,0,619,174,619,3,50.1,3,-0.0
2026-05-10 23:24:55,1071,0,0,0,0,0,621,175,621,3,50.4,3,-0.0
2026-05-10 23:24:55,1074,1,0,0,0,0,623,176,623,3,50.7,3,-0.0
2026-05-10 23:24:55,1077,1,0,0,0,0,625,177,625,3,51.0,3,-0.0
2026-05-10 23:24:55,1080,1,0,0,0,0,627,178,627,3,51.3,3,-0.0
2026-05-10 23:24:56,1083,1,0,0,0,0,629,179,629,3,51.6,3,-0.0
2026-05-10 23:24:56,1086,1,0,0,0,0,631,180,631,3,51.9,3,-0.0
2026-05-10 23:24:56,1089,1,0,0,0,0,633,181,633,3,52.2,3,-0.0
2026-05-10 23:24:57,1092,1,0,1,0,0,635,182,635,3,52.5,3,-33125.0
2026-05-10 23:24:57,1095,1,0,1,0,0,637,183,637,3,52.8,3,-33490.0
2026-05-10 23:24:57,1098,1,0,1,0,0,639,184,639,3,53.1,3,-33857.0
2026-05-10 23:24:57,1101,1,0,1,0,0,641,185,641,3,53.4,3,-34226.0
2026-05-10 23:24:58,1104,1,0,1,0,0,643,186,643,3,53.7,3,-34597.0
2026-05-10 23:24:58,1107,0,0,1,0,0,645,187,645,3,54.0,3,-34970.0
2026-05-10 23:24:58,1110,0,0,1,0,0,647,188,647,3,54.3,3,-35345.0
2026-05-10 23:24:59,1113,0,0,1,0,0,649,189,649,3,54.6,3,-35722.0
2026-05-10 23:24:59,1116,0,0,1,0,0,651,190,651,3,54.9,3,-36101.0
2026-05-10 23:24:59,1119,0,0,1,0,0,653,191,653,3,55.2,3,-36482.0
2026-05-10 23:24:59,1122,0,0,1,0,0,655,192,655,3,55.5,3,-36865.0
2026-05-10 23:25:00,1125,0,0,1,0,0,657,193,657,3,55.8,3,-37250.0
2026-05-10 23:25:00,1128,0,0,1,0,0,659,194,659,3,56.1,3,-37637.0
2026-05-10 23:25:00,1131,0,0,1,0,0,661,195,661,3,56.4,3,-38026.0
2026-05-10 23:25:01,1134,0,0,2,0,0,663,196,663,3,56.7,3,-76834.0
2026-05-10 23:25:01,1137,0,0,1,2,0,665,197,665,3,57.0,3,-923262.0
2026-05-10 23:25:01,1140,0,0,1,2,0,667,198,667,3,57.3,3,-928985.0
2026-05-10 23:25:01,1143,0,0,1,2,0,669,199,669,3,57.6,3,-934726.0
2026-05-10 23:25:02,1146,0,0,1,2,0,671,200,671,3,57.9,3,-940485.0
2026-05-10 23:25:02,1149,0,0,1,2,0,673,201,673,3,58.2,3,-946262.0
2026-05-10 23:25:02,1152,0,0,1,3,0,675,202,675,3,58.5,3,-1407683.0
2026-05-10 23:25:03,1155,0,0,1,4,0,677,203,677,3,58.8,3,-1874530.0
2026-05-10 23:25:03,1158,0,0,1,4,0,679,204,679,3,59.1,3,-1885785.0
2026-05-10 23:25:03,1161,0,0,1,3,0,681,205,681,3,59.4,3,-1433312.0
2026-05-10 23:25:04,1164,0,0,0,3,0,683,206,683,3,59.7,3,-1399470.0
2026-05-10 23:25:04,1167,0,0,0,3,0,685,207,685,3,60.0,3,-1407678.0
2026-05-10 23:25:04,1170,0,0,0,3,0,687,208,687,3,60.3,3,-1415910.0
2026-05-10 23:25:04,1173,0,0,0,3,0,689,209,689,3,60.6,3,-1424166.0
2026-05-10 23:25:05,1176,0,0,0,3,0,691,210,691,3,60.9,3,-1432446.0
2026-05-10 23:25:05,1179,0,0,0,3,0,693,211,693,3,61.2,3,-1440750.0
2026-05-10 23:25:05,1182,0,0,0,3,0,695,212,695,3,61.5,3,-1449078.0
2026-05-10 23:25:06,1185,0,0,0,3,0,697,213,697,3,61.8,3,-1457430.0
2026-05-10 23:25:06,1188,0,0,0,2,0,699,214,699,3,62.1,3,-977204.0
2026-05-10 23:25:06,1191,0,0,0,2,0,701,215,701,3,62.4,3,-982804.0
2026-05-10 23:25:06,1194,0,0,0,2,0,703,216,703,3,62.7,3,-988420.0
2026-05-10 23:25:07,1197,0,0,0,2,0,705,217,705,3,63.0,3,-994052.0
2026-05-10 23:25:07,1200,0,0,0,1,0,707,218,707,3,63.3,3,-499850.0
2026-05-10 23:25:07,1203,0,0,0,0,0,709,219,709,3,63.6,3,-0.0
2026-05-10 23:25:08,1206,0,0,0,0,0,711,220,711,3,63.9,3,-0.0
2026-05-10 23:25:08,1209,0,0,0,0,0,713,221,713,3,64.2,3,-0.0
2026-05-10 23:25:08,1212,0,0,0,0,0,715,222,715,3,64.5,3,-0.0
2026-05-10 23:25:08,1215,0,0,0,0,0,717,223,717,3,64.8,3,-0.0
2026-05-10 23:25:09,1218,0,0,0,0,0,719,224,719,3,65.1,3,-0.0
2026-05-10 23:25:09,1221,0,0,0,0,0,721,225,721,3,65.4,3,-0.0
2026-05-10 23:25:09,1224,0,0,0,0,0,723,226,723,3,65.7,3,-0.0
2026-05-10 23:25:10,1227,0,0,0,0,0,725,227,725,3,66.0,3,-0.0
2026-05-10 23:25:10,1230,0,0,0,0,0,727,228,727,3,66.3,3,-0.0
2026-05-10 23:25:10,1233,0,0,0,0,0,729,229,729,3,66.6,3,-0.0
2026-05-10 23:25:10,1236,0,0,0,0,0,731,230,731,3,66.9,3,-0.0
2026-05-10 23:25:11,1239,0,0,0,0,0,733,231,733,3,67.2,3,-0.0
2026-05-10 23:25:11,1242,0,0,0,0,0,735,232,735,3,67.5,3,-0.0
2026-05-10 23:25:11,1245,0,0,0,0,0,737,233,737,3,67.8,3,-0.0
2026-05-10 23:25:12,1248,0,0,0,0,0,739,234,739,3,68.1,3,-0.0
2026-05-10 23:25:12,1251,0,0,0,0,0,741,235,741,3,68.4,3,-0.0
2026-05-10 23:25:12,1254,0,0,0,0,0,743,236,743,3,68.7,3,-0.0
2026-05-10 23:25:12,1257,0,0,0,0,0,745,237,745,3,69.0,3,-0.0
2026-05-10 23:25:13,1260,0,0,0,0,0,747,238,747,3,69.3,3,-0.0
2026-05-10 23:25:13,1263,0,0,0,0,0,749,239,749,3,69.6,3,-0.0
2026-05-10 23:25:13,1266,0,0,0,0,0,751,240,751,3,69.9,3,-0.0
2026-05-10 23:25:14,1269,0,0,0,0,0,753,241,753,3,70.2,3,-0.0
2026-05-10 23:25:14,1272,0,0,0,0,0,755,242,755,3,70.5,3,-0.0
2026-05-10 23:25:14,1275,0,0,0,0,0,757,243,757,3,70.8,3,-0.0
2026-05-10 23:25:14,1278,0,0,0,0,0,759,244,759,3,71.1,3,-0.0
2026-05-10 23:25:15,1281,0,0,0,1,0,761,245,761,3,71.4,3,-579122.0
2026-05-10 23:25:15,1284,0,0,0,2,0,763,246,763,3,71.7,3,-1164340.0
2026-05-10 23:25:15,1287,0,0,0,2,0,765,247,765,3,72.0,3,-1170452.0
2026-05-10 23:25:16,1290,0,0,0,2,0,767,248,767,3,72.3,3,-1176580.0
2026-05-10 23:25:16,1293,0,0,0,2,0,769,249,769,3,72.6,3,-1182724.0
2026-05-10 23:25:16,1296,0,0,0,2,0,771,250,771,3,72.9,3,-1188884.0
2026-05-10 23:25:16,1299,0,0,0,2,0,773,251,773,3,73.2,3,-1195060.0
2026-05-10 23:25:17,1302,0,0,0,2,0,775,252,775,3,73.5,3,-1201252.0
2026-05-10 23:25:17,1305,0,0,0,3,0,777,253,777,3,73.8,3,-1811190.0
2026-05-10 23:25:17,1308,0,0,0,3,0,779,254,779,3,74.1,3,-1820526.0
2026-05-10 23:25:17,1311,0,0,0,3,0,781,255,781,3,74.4,3,-1829886.0
2026-05-10 23:25:18,1314,0,0,0,3,0,783,256,783,3,74.7,3,-1839270.0
2026-05-10 23:25:18,1317,0,0,0,3,0,785,257,785,3,75.0,3,-1848678.0
2026-05-10 23:25:18,1320,0,0,0,3,0,787,258,787,3,75.3,3,-1858110.0
2026-05-10 23:25:19,1323,0,0,0,3,0,789,259,789,3,75.6,3,-1867566.0
2026-05-10 23:25:19,1326,0,0,0,3,0,791,260,791,3,75.9,3,-1877046.0
2026-05-10 23:25:19,1329,0,0,0,3,0,793,261,793,3,76.2,3,-1886550.0
2026-05-10 23:25:19,1332,0,0,0,3,0,795,262,795,3,76.5,3,-1896078.0
2026-05-10 23:25:20,1335,0,0,0,3,0,797,263,797,3,76.8,3,-1905630.0
2026-05-10 23:25:20,1338,0,0,0,3,0,799,264,799,3,77.1,3,-1915206.0
2026-05-10 23:25:20,1341,0,0,0,3,0,801,265,801,3,77.4,3,-1924806.0
2026-05-10 23:25:21,1344,0,0,0,3,0,803,266,803,3,77.7,3,-1934430.0
2026-05-10 23:25:21,1347,0,0,0,3,0,805,267,805,3,78.0,3,-1944078.0
2026-05-10 23:25:21,1350,0,0,0,3,0,807,268,807,3,78.3,3,-1953750.0
2026-05-10 23:25:21,1353,0,0,0,3,0,809,269,809,3,78.6,3,-1963446.0
2026-05-10 23:25:22,1356,0,1,0,3,0,811,270,811,3,78.9,3,-2630888.0
2026-05-10 23:25:22,1359,0,1,0,3,0,813,271,813,3,79.2,3,-2643880.0
2026-05-10 23:25:22,1362,0,1,0,3,0,815,272,815,3,79.5,3,-2656904.0
2026-05-10 23:25:23,1365,0,1,0,4,0,817,273,817,3,79.8,3,-3337450.0
2026-05-10 23:25:23,1368,0,1,0,4,0,819,274,819,3,80.1,3,-3353810.0
2026-05-10 23:25:23,1371,0,1,0,3,0,821,275,821,3,80.4,3,-2696168.0
2026-05-10 23:25:23,1374,0,1,0,3,0,823,276,823,3,80.7,3,-2709320.0
2026-05-10 23:25:24,1377,0,1,0,3,0,825,277,825,3,81.0,3,-2722504.0
2026-05-10 23:25:24,1380,0,1,0,3,0,827,278,827,3,81.3,3,-2735720.0
2026-05-10 23:25:24,1383,0,1,0,3,0,829,279,829,3,81.6,3,-2748968.0
2026-05-10 23:25:25,1386,0,1,0,3,0,831,280,831,3,81.9,3,-2762248.0
2026-05-10 23:25:25,1389,0,0,0,2,0,833,281,833,3,82.2,3,-1387780.0
2026-05-10 23:25:25,1392,0,0,0,2,0,835,282,835,3,82.5,3,-1394452.0
2026-05-10 23:25:25,1395,0,0,0,2,0,837,283,837,3,82.8,3,-1401140.0
2026-05-10 23:25:26,1398,0,0,0,2,0,839,284,839,3,83.1,3,-1407844.0
2026-05-10 23:25:26,1401,0,0,0,2,0,841,285,841,3,83.4,3,-1414564.0
2026-05-10 23:25:26,1404,0,0,0,2,0,843,286,843,3,83.7,3,-1421300.0
2026-05-10 23:25:27,1407,0,0,0,2,0,845,287,845,3,84.0,3,-1428052.0
2026-05-10 23:25:27,1410,0,0,0,1,0,847,288,847,3,84.3,3,-717410.0
2026-05-10 23:25:27,1413,0,0,0,1,0,849,289,849,3,84.6,3,-720802.0
2026-05-10 23:25:27,1416,0,0,0,1,0,851,290,851,3,84.9,3,-724202.0
2026-05-10 23:25:28,1419,0,0,0,1,0,853,291,853,3,85.2,3,-727610.0
2026-05-10 23:25:28,1422,0,0,0,1,0,855,292,855,3,85.5,3,-731026.0
2026-05-10 23:25:28,1425,0,0,0,1,0,857,293,857,3,85.8,3,-734450.0
2026-05-10 23:25:29,1428,0,0,0,1,0,859,294,859,3,86.1,3,-737882.0
2026-05-10 23:25:29,1431,0,0,0,1,0,861,295,861,3,86.4,3,-741322.0
2026-05-10 23:25:29,1434,0,0,0,1,0,863,296,863,3,86.7,3,-744770.0
2026-05-10 23:25:29,1437,0,0,0,0,0,865,297,865,3,87.0,3,-0.0
2026-05-10 23:25:30,1440,0,0,0,0,0,867,298,867,3,87.3,3,-0.0
2026-05-10 23:25:30,1443,0,0,0,0,0,869,299,869,3,87.6,3,-0.0
2026-05-10 23:25:30,1446,0,0,0,0,0,871,300,871,3,87.9,3,-0.0
2026-05-10 23:25:31,1449,0,0,0,0,0,873,301,873,3,88.2,3,-0.0
2026-05-10 23:25:31,1452,0,0,0,0,0,875,302,875,3,88.5,3,-0.0
2026-05-10 23:25:31,1455,0,0,1,0,0,877,303,877,3,88.8,3,-91810.0
2026-05-10 23:25:31,1458,0,0,1,0,0,879,304,879,3,89.1,3,-92417.0
2026-05-10 23:25:32,1461,0,0,1,0,0,881,305,881,3,89.4,3,-93026.0
2026-05-10 23:25:32,1464,0,0,1,0,0,883,306,883,3,89.7,3,-93637.0
2026-05-10 23:25:32,1467,0,0,1,0,0,885,307,885,3,90.0,3,-94250.0
2026-05-10 23:25:32,1470,0,0,2,0,0,887,308,887,3,90.3,3,-189730.0
2026-05-10 23:25:33,1473,0,0,2,0,0,889,309,889,3,90.6,3,-190964.0
2026-05-10 23:25:33,1476,0,0,2,1,0,891,310,891,3,90.9,3,-986084.0
2026-05-10 23:25:33,1479,0,0,2,2,0,893,311,893,3,91.2,3,-1788344.0
2026-05-10 23:25:34,1482,0,0,2,3,0,895,312,895,3,91.5,3,-2597768.0
2026-05-10 23:25:34,1485,0,0,2,3,0,897,313,897,3,91.8,3,-2609770.0
2026-05-10 23:25:34,1488,0,0,2,3,0,899,314,899,3,92.1,3,-2621800.0
2026-05-10 23:25:35,1491,0,0,2,3,0,901,315,901,3,92.4,3,-2633858.0
2026-05-10 23:25:35,1494,0,0,2,3,0,903,316,903,3,92.7,3,-2645944.0
2026-05-10 23:25:35,1497,0,0,2,3,0,905,317,905,3,93.0,3,-2658058.0
2026-05-10 23:25:35,1500,0,0,2,3,0,907,318,907,3,93.3,3,-2670200.0
2026-05-10 23:25:36,1503,0,0,0,3,0,909,319,909,3,93.6,3,-2478846.0
2026-05-10 23:25:36,1506,0,0,0,3,0,911,320,911,3,93.9,3,-2489766.0
2026-05-10 23:25:36,1509,0,0,0,3,0,913,321,913,3,94.2,3,-2500710.0
2026-05-10 23:25:37,1512,0,0,0,2,0,915,322,915,3,94.5,3,-1674452.0
2026-05-10 23:25:37,1515,0,0,0,2,0,917,323,917,3,94.8,3,-1681780.0
2026-05-10 23:25:37,1518,0,0,1,2,0,919,324,919,3,95.1,3,-1794101.0
2026-05-10 23:25:37,1521,0,0,1,2,0,921,325,921,3,95.4,3,-1802110.0
2026-05-10 23:25:38,1524,0,0,1,2,0,923,326,923,3,95.7,3,-1810137.0
2026-05-10 23:25:38,1527,0,0,1,2,0,925,327,925,3,96.0,3,-1818182.0
2026-05-10 23:25:38,1530,0,0,1,1,0,927,328,927,3,96.3,3,-966915.0
2026-05-10 23:25:39,1533,0,0,1,0,0,929,329,929,3,96.6,3,-108242.0
2026-05-10 23:25:39,1536,0,0,1,0,0,931,330,931,3,96.9,3,-108901.0
2026-05-10 23:25:39,1539,0,0,1,0,0,933,331,933,3,97.2,3,-109562.0
2026-05-10 23:25:39,1542,0,0,1,0,0,935,332,935,3,97.5,3,-110225.0
2026-05-10 23:25:40,1545,0,0,1,0,0,937,333,937,3,97.8,3,-110890.0
2026-05-10 23:25:40,1548,0,0,1,0,0,939,334,939,3,98.1,3,-111557.0
2026-05-10 23:25:40,1551,0,0,1,0,0,941,335,941,3,98.4,3,-112226.0
2026-05-10 23:25:41,1554,0,0,0,0,0,943,336,943,3,98.7,3,-0.0
2026-05-10 23:25:41,1557,0,0,0,0,0,945,337,945,3,99.0,3,-0.0
2026-05-10 23:25:41,1560,0,0,0,0,0,947,338,947,3,99.3,3,-0.0
2026-05-10 23:25:41,1563,0,0,0,0,0,949,339,949,3,99.6,3,-0.0
2026-05-10 23:25:42,1566,0,0,0,0,0,951,340,951,3,99.9,3,-0.0
2026-05-10 23:25:42,1569,0,0,0,0,0,953,341,953,3,100.2,3,-0.0
2026-05-10 23:25:42,1572,0,0,0,0,0,955,342,955,3,100.5,3,-0.0
2026-05-10 23:25:43,1575,0,0,0,0,0,957,343,957,3,100.8,3,-0.0
2026-05-10 23:25:43,1578,0,0,0,0,0,959,344,959,3,101.1,3,-0.0
2026-05-10 23:25:43,1581,0,0,0,0,0,961,345,961,3,101.4,3,-0.0
2026-05-10 23:25:43,1584,0,0,0,0,0,963,346,963,3,101.7,3,-0.0
2026-05-10 23:25:44,1587,0,0,0,0,0,965,347,965,3,102.0,3,-0.0
2026-05-10 23:25:44,1590,0,0,0,0,0,967,348,967,3,102.3,3,-0.0
2026-05-10 23:25:44,1593,0,0,0,0,0,969,349,969,3,102.6,3,-0.0
2026-05-10 23:25:45,1596,0,0,0,0,0,971,350,971,3,102.9,3,-0.0
2026-05-10 23:25:45,1599,0,0,0,0,0,973,351,973,3,103.2,3,-0.0
2026-05-10 23:25:45,1602,0,0,0,0,0,975,352,975,3,103.5,3,-0.0
2026-05-10 23:25:45,1605,0,0,0,0,0,977,353,977,3,103.8,3,-0.0
2026-05-10 23:25:46,1608,0,0,0,0,0,979,354,979,3,104.1,3,-0.0
2026-05-10 23:25:46,1611,0,0,0,0,0,981,355,981,3,104.4,3,-0.0
2026-05-10 23:25:46,1614,0,0,0,0,0,983,356,983,3,104.7,3,-0.0
2026-05-10 23:25:46,1617,0,0,0,0,0,985,357,985,3,105.0,3,-0.0
2026-05-10 23:25:47,1620,0,0,0,1,0,987,358,987,3,105.3,3,-974170.0
2026-05-10 23:25:47,1623,0,0,0,1,0,989,359,989,3,105.6,3,-978122.0
2026-05-10 23:25:47,1626,0,0,0,1,0,991,360,991,3,105.9,3,-982082.0
2026-05-10 23:25:48,1629,0,0,0,1,0,993,361,993,3,106.2,3,-986050.0
2026-05-10 23:25:48,1632,1,0,0,1,0,995,362,995,3,106.5,3,-990026.0
2026-05-10 23:25:48,1635,1,1,0,1,0,997,363,997,3,106.8,3,-1988020.0
2026-05-10 23:25:48,1638,1,1,0,1,0,999,364,999,3,107.1,3,-1996004.0
2026-05-10 23:25:49,1641,1,1,0,1,0,1001,365,1001,3,107.4,3,-2004004.0
2026-05-10 23:25:49,1644,1,1,0,1,0,1003,366,1003,3,107.7,3,-2012020.0
2026-05-10 23:25:49,1647,1,1,0,1,0,1005,367,1005,3,108.0,3,-2020052.0
2026-05-10 23:25:50,1650,1,1,0,1,0,1007,368,1007,3,108.3,3,-2028100.0
2026-05-10 23:25:50,1653,1,1,0,0,0,1009,369,1009,3,108.6,3,-1018082.0
2026-05-10 23:25:50,1656,1,1,0,0,0,1011,370,1011,3,108.9,3,-1022122.0
2026-05-10 23:25:50,1659,1,1,0,0,0,1013,371,1013,3,109.2,3,-1026170.0
2026-05-10 23:25:51,1662,1,1,0,0,0,1015,372,1015,3,109.5,3,-1030226.0
2026-05-10 23:25:51,1665,1,1,0,0,0,1017,373,1017,3,109.8,3,-1034290.0
2026-05-10 23:25:51,1668,0,1,0,0,0,1019,374,1019,3,110.1,3,-1038362.0
2026-05-10 23:25:52,1671,0,1,1,0,0,1021,375,1021,3,110.4,3,-1183068.0
2026-05-10 23:25:52,1674,0,1,1,0,0,1023,376,1023,3,110.7,3,-1187907.0
2026-05-10 23:25:52,1677,0,1,1,0,0,1025,377,1025,3,111.0,3,-1192756.0
2026-05-10 23:25:52,1680,0,1,1,0,0,1027,378,1027,3,111.3,3,-1197615.0
2026-05-10 23:25:53,1683,0,1,1,0,0,1029,379,1029,3,111.6,3,-1202484.0
2026-05-10 23:25:53,1686,0,1,1,0,0,1031,380,1031,3,111.9,3,-1207363.0
2026-05-10 23:25:53,1689,0,0,1,0,0,1033,381,1033,3,112.2,3,-145162.0
2026-05-10 23:25:54,1692,0,0,1,0,0,1035,382,1035,3,112.5,3,-145925.0
2026-05-10 23:25:54,1695,0,0,1,0,0,1037,383,1037,3,112.8,3,-146690.0
2026-05-10 23:25:54,1698,0,0,1,0,0,1039,384,1039,3,113.1,3,-147457.0
2026-05-10 23:25:54,1701,0,0,1,0,0,1041,385,1041,3,113.4,3,-148226.0
2026-05-10 23:25:55,1704,0,0,0,0,0,1043,386,1043,3,113.7,3,-0.0
2026-05-10 23:25:55,1707,0,1,0,0,0,1045,387,1045,3,114.0,3,-1092026.0
2026-05-10 23:25:55,1710,0,1,0,0,0,1047,388,1047,3,114.3,3,-1096210.0
2026-05-10 23:25:55,1713,0,3,0,0,0,1049,389,1049,3,114.6,3,-3301206.0
2026-05-10 23:25:56,1716,0,3,0,0,0,1051,390,1051,3,114.9,3,-3313806.0
2026-05-10 23:25:56,1719,1,3,0,0,0,1053,391,1053,3,115.2,3,-3326430.0
2026-05-10 23:25:56,1722,1,3,0,0,0,1055,392,1055,3,115.5,3,-3339078.0
2026-05-10 23:25:57,1725,1,3,0,0,0,1057,393,1057,3,115.8,3,-3351750.0
2026-05-10 23:25:57,1728,2,3,0,0,0,1059,394,1059,3,116.1,3,-3364446.0
2026-05-10 23:26:01,1767,0,0,0,2,0,1085,407,1085,3,0.3,3,-2354452.0
2026-05-10 23:26:01,1770,0,0,0,2,0,1087,408,1087,3,0.6,3,-2363140.0
2026-05-10 23:26:01,1773,0,0,0,2,0,1089,409,1089,3,0.9,3,-2371844.0
2026-05-10 23:26:01,1776,0,0,0,2,0,1091,410,1091,3,1.2,3,-2380564.0
2026-05-10 23:26:02,1779,0,0,0,2,0,1093,411,1093,3,1.5,3,-2389300.0
2026-05-10 23:26:02,1782,0,0,0,2,0,1095,412,1095,3,1.8,3,-2398052.0
2026-05-10 23:26:02,1785,0,0,0,2,0,1097,413,1097,3,2.1,3,-2406820.0
2026-05-10 23:26:03,1788,0,0,0,1,0,1099,414,1099,3,2.4,3,-1207802.0
2026-05-10 23:26:03,1791,0,0,0,1,0,1101,415,1101,3,2.7,3,-1212202.0
2026-05-10 23:26:03,1794,0,0,0,1,0,1103,416,1103,3,3.0,3,-1216610.0
2026-05-10 23:26:03,1797,0,0,0,1,0,1105,417,1105,3,3.3,3,-1221026.0
2026-05-10 23:26:04,1800,0,0,0,1,0,1107,418,1107,3,3.6,3,-1225450.0
2026-05-10 23:26:04,1803,0,0,0,0,0,1109,419,1109,3,3.9,3,-0.0
2026-05-10 23:26:04,1806,0,1,0,0,0,1111,420,1111,3,4.2,3,-1234322.0
2026-05-10 23:26:05,1809,0,1,2,0,0,1113,421,1113,3,4.5,3,-1593254.0
2026-05-10 23:26:05,1812,0,1,2,0,0,1115,422,1115,3,4.8,3,-1599396.0
2026-05-10 23:26:05,1815,0,1,3,0,0,1117,423,1117,3,5.1,3,-1784480.0
2026-05-10 23:26:05,1818,0,1,3,0,0,1119,424,1119,3,5.4,3,-1791493.0
2026-05-10 23:26:06,1821,0,1,3,0,0,1121,425,1121,3,5.7,3,-1798520.0
2026-05-10 23:26:06,1824,0,1,3,0,0,1123,426,1123,3,6.0,3,-1805561.0
2026-05-10 23:26:06,1827,0,1,3,0,0,1125,427,1125,3,6.3,3,-1812616.0
2026-05-10 23:26:07,1830,0,1,3,0,0,1127,428,1127,3,6.6,3,-1819685.0
2026-05-10 23:26:07,1833,0,1,3,0,0,1129,429,1129,3,6.9,3,-1826768.0
2026-05-10 23:26:07,1836,0,1,3,0,0,1131,430,1131,3,7.2,3,-1833865.0
2026-05-10 23:26:08,1839,0,0,4,0,0,1133,431,1133,3,7.5,3,-743048.0
2026-05-10 23:26:08,1842,0,0,4,0,0,1135,432,1135,3,7.8,3,-746500.0
2026-05-10 23:26:08,1845,0,0,4,0,0,1137,433,1137,3,8.1,3,-749960.0
2026-05-10 23:26:08,1848,0,0,3,0,0,1139,434,1139,3,8.4,3,-565071.0
2026-05-10 23:26:09,1851,0,0,2,0,0,1141,435,1141,3,8.7,3,-378452.0
2026-05-10 23:26:09,1854,0,0,2,0,0,1143,436,1143,3,9.0,3,-380194.0
2026-05-10 23:26:09,1857,1,0,2,0,0,1145,437,1145,3,9.3,3,-381940.0
2026-05-10 23:26:10,1860,1,0,2,0,0,1147,438,1147,3,9.6,3,-383690.0
2026-05-10 23:26:10,1863,1,0,2,0,0,1149,439,1149,3,9.9,3,-385444.0
2026-05-10 23:26:10,1866,1,0,2,0,0,1151,440,1151,3,10.2,3,-387202.0
2026-05-10 23:26:11,1869,1,0,2,0,0,1153,441,1153,3,10.5,3,-388964.0
2026-05-10 23:26:11,1872,1,0,1,0,0,1155,442,1155,3,10.8,3,-195365.0
2026-05-10 23:26:11,1875,1,0,0,0,0,1157,443,1157,3,11.1,3,-0.0
2026-05-10 23:26:11,1878,1,0,0,0,0,1159,444,1159,3,11.4,3,-0.0
2026-05-10 23:26:12,1881,3,0,0,0,0,1161,445,1161,3,11.7,3,-0.0
2026-05-10 23:26:12,1884,3,0,0,0,0,1163,446,1163,3,12.0,3,-0.0
2026-05-10 23:26:12,1887,3,0,0,0,0,1165,447,1165,3,12.3,3,-0.0
2026-05-10 23:26:13,1890,2,0,0,0,0,1167,448,1167,3,12.6,3,-0.0
2026-05-10 23:26:13,1893,2,0,0,0,0,1169,449,1169,3,12.9,3,-0.0
2026-05-10 23:26:13,1896,2,0,0,0,0,1171,450,1171,3,13.2,3,-0.0
2026-05-10 23:26:13,1899,2,0,0,0,0,1173,451,1173,3,13.5,3,-0.0
2026-05-10 23:26:14,1902,2,0,0,0,0,1175,452,1175,3,13.8,3,-0.0
2026-05-10 23:26:14,1905,2,0,0,0,0,1177,453,1177,3,14.1,3,-0.0
2026-05-10 23:26:14,1908,2,0,0,0,0,1179,454,1179,3,14.4,3,-0.0
2026-05-10 23:26:15,1911,2,0,0,0,0,1181,455,1181,3,14.7,3,-0.0
2026-05-10 23:26:15,1914,0,0,0,0,0,1183,456,1183,3,15.0,3,-0.0
2026-05-10 23:26:15,1917,0,0,0,0,0,1185,457,1185,3,15.3,3,-0.0
2026-05-10 23:32:57,0,0,0,0,10,0,0,0,0,0,0.0,0,-0.0
2026-05-10 23:32:57,3,1,0,0,10,0,0,0,0,0,0.3,0,-1.0
2026-05-10 23:32:57,6,1,1,0,10,0,0,0,0,0,0.6,0,-1.0
2026-05-10 23:32:58,9,2,1,0,10,0,0,0,0,0,0.9,0,-2.0
2026-05-10 23:32:58,12,2,1,0,10,0,0,0,0,0,1.2,0,-2.0
2026-05-10 23:32:58,15,2,1,0,10,0,0,0,0,0,1.5,0,-2.0
2026-05-10 23:32:58,18,2,0,0,10,0,0,0,0,0,1.8,0,-2.0
2026-05-10 23:32:59,21,2,0,0,10,0,0,0,0,0,2.1,0,-2.0
2026-05-10 23:32:59,24,2,0,0,10,0,0,0,0,0,2.4,0,-2.0
2026-05-10 23:32:59,27,2,0,0,10,0,0,0,0,0,2.7,0,-2.0
2026-05-10 23:33:00,30,3,0,0,10,0,0,0,0,0,3.0,0,-3.0
2026-05-10 23:33:00,33,3,0,0,0,0,0,0,0,0,3.3,0,-3.0
2026-05-10 23:33:00,36,3,0,0,0,0,0,0,0,0,3.6,0,-3.0
2026-05-10 23:33:01,39,3,0,0,0,0,0,0,0,0,3.9,0,-3.0
2026-05-10 23:33:01,42,3,0,0,0,0,0,0,0,0,4.2,0,-3.0
2026-05-10 23:33:01,45,3,0,0,0,0,0,0,0,0,4.5,0,-3.0
2026-05-10 23:33:01,48,3,0,0,0,0,0,0,0,0,4.8,0,-3.0
2026-05-10 23:33:02,51,3,0,0,0,0,0,0,0,0,5.1,0,-3.0
2026-05-10 23:33:02,54,3,0,0,0,0,0,0,0,0,5.4,0,-3.0
2026-05-10 23:33:02,57,3,0,0,0,0,0,0,0,0,5.7,0,-3.0
2026-05-10 23:33:03,60,3,0,0,0,0,0,0,0,0,6.0,0,-3.0
2026-05-10 23:33:03,63,2,0,0,0,0,0,0,0,0,6.3,0,-2.0
2026-05-10 23:33:03,66,2,0,0,0,0,0,0,0,0,6.6,0,-2.0
2026-05-10 23:33:03,69,2,0,0,0,0,0,0,0,0,6.9,0,-2.0
2026-05-10 23:33:04,72,2,0,0,0,0,0,0,0,0,7.2,0,-2.0
2026-05-10 23:33:04,75,2,0,0,0,0,0,0,0,0,7.5,0,-2.0
2026-05-10 23:33:04,78,2,0,1,0,0,0,0,0,0,7.8,0,-3.0
2026-05-10 23:33:05,81,3,0,1,0,0,0,0,0,0,8.1,0,-4.0
2026-05-10 23:33:05,84,4,0,1,0,0,0,0,0,0,8.4,0,-5.0
2026-05-10 23:33:05,87,4,0,1,0,0,0,0,0,0,8.7,0,-5.0
2026-05-10 23:33:05,90,4,0,1,0,0,0,0,0,0,9.0,0,-5.0
2026-05-10 23:33:06,93,4,0,1,0,0,0,0,0,0,9.3,0,-5.0
2026-05-10 23:33:06,96,4,0,1,0,0,0,0,0,0,9.6,0,-5.0
2026-05-10 23:33:06,99,4,0,1,0,0,0,0,0,0,9.9,0,-5.0
2026-05-10 23:33:07,102,4,0,1,0,0,0,0,0,0,10.2,0,-5.0
2026-05-10 23:33:07,105,4,0,1,0,0,0,0,0,0,10.5,0,-5.0
2026-05-10 23:33:07,108,4,0,0,0,0,0,0,0,0,10.8,0,-4.0
2026-05-10 23:33:08,111,5,0,0,0,0,0,0,0,0,11.1,0,-5.0
2026-05-10 23:33:08,114,4,0,0,0,0,0,0,0,0,11.4,0,-4.0
2026-05-10 23:33:08,117,3,0,0,0,0,0,0,0,0,11.7,0,-3.0
2026-05-10 23:33:08,120,3,0,0,0,0,0,0,0,0,12.0,0,-3.0
2026-05-10 23:33:09,123,3,0,0,0,0,0,0,0,0,12.3,0,-3.0
2026-05-10 23:33:09,126,4,0,0,0,0,0,0,0,0,12.6,0,-4.0
2026-05-10 23:33:09,129,4,0,0,0,0,0,0,0,0,12.9,0,-4.0
2026-05-10 23:33:10,132,4,0,0,0,0,0,0,0,0,13.2,0,-4.0
2026-05-10 23:33:10,135,4,0,0,0,0,0,0,0,0,13.5,0,-4.0
2026-05-10 23:33:10,138,4,0,0,0,0,0,0,0,0,13.8,0,-4.0
2026-05-10 23:33:10,141,4,0,0,0,0,0,0,0,0,14.1,0,-4.0
2026-05-10 23:33:11,150,4,1,0,0,0,4,2,4,3,0.3,3,-17.0
2026-05-10 23:33:12,153,4,1,0,0,0,4,2,4,3,0.6,3,-17.0
2026-05-10 23:33:12,156,4,1,0,0,0,4,2,4,3,0.9,3,-17.0
2026-05-10 23:33:14,159,4,1,0,0,0,4,2,4,3,1.2,3,-11.0
2026-05-10 23:33:15,162,4,1,0,0,0,4,2,4,3,1.5,3,-12.0
2026-05-10 23:33:15,165,4,1,0,0,0,4,2,4,3,1.8,3,-12.0
2026-05-10 23:33:15,168,5,1,0,0,0,4,2,4,3,2.1,3,-15.0
2026-05-10 23:33:15,171,5,1,0,0,0,4,2,4,3,2.4,3,-16.0
2026-05-10 23:33:16,174,5,1,0,0,0,4,2,4,3,2.7,3,-17.0
2026-05-10 23:33:16,177,5,3,0,0,0,4,2,4,3,3.0,3,-51.0
2026-05-10 23:33:17,183,6,4,0,0,0,6,3,6,3,0.3,3,-148.0
2026-05-10 23:33:17,186,7,6,0,0,0,6,3,6,3,0.6,3,-222.0
2026-05-10 23:33:17,189,7,7,0,0,0,6,3,6,3,0.9,3,-259.0
2026-05-10 23:33:18,192,7,7,0,0,0,6,3,6,3,1.2,3,-259.0
2026-05-10 23:33:18,195,6,10,0,0,0,6,3,6,3,1.5,3,-370.0
2026-05-10 23:33:18,198,6,10,0,0,0,6,3,6,3,1.8,3,-370.0
2026-05-10 23:33:18,201,6,10,0,0,0,6,3,6,3,2.1,3,-370.0
2026-05-10 23:33:19,207,7,10,0,0,0,8,4,8,3,0.3,3,-650.0
2026-05-10 23:33:19,210,7,9,0,0,0,8,4,8,3,0.6,3,-585.0
2026-05-10 23:33:20,213,7,9,0,0,0,8,4,8,3,0.9,3,-585.0
2026-05-10 23:33:20,216,7,9,0,0,0,8,4,8,3,1.2,3,-585.0
2026-05-10 23:33:20,219,6,9,0,0,0,8,4,8,3,1.5,3,-585.0
2026-05-10 23:33:21,222,5,8,0,0,0,8,4,8,3,1.8,3,-520.0
2026-05-10 23:33:21,225,5,11,0,0,0,8,4,8,3,2.1,3,-715.0
2026-05-10 23:33:21,228,4,10,0,0,0,8,4,8,3,2.4,3,-650.0
2026-05-10 23:33:22,231,4,9,0,0,0,8,4,8,3,2.7,3,-585.0
2026-05-10 23:33:22,237,4,10,0,0,0,10,5,10,3,0.3,3,-1010.0
2026-05-10 23:33:23,240,4,10,0,0,0,10,5,10,3,0.6,3,-1010.0
2026-05-10 23:33:23,243,5,9,0,0,0,10,5,10,3,0.9,3,-909.0
2026-05-10 23:33:23,246,4,11,0,0,0,10,5,10,3,1.2,3,-1111.0
2026-05-10 23:33:23,249,4,11,1,4,0,10,5,10,3,1.5,3,-1541.0
2026-05-10 23:33:24,252,4,11,2,4,0,10,5,10,3,1.8,3,-1567.0
2026-05-10 23:33:24,255,5,11,2,4,0,10,5,10,3,2.1,3,-1567.0
2026-05-10 23:33:24,258,6,10,2,4,0,10,5,10,3,2.4,3,-1466.0
2026-05-10 23:33:25,261,6,9,2,5,0,10,5,10,3,2.7,3,-1466.0
2026-05-10 23:33:25,264,6,9,2,5,0,10,5,10,3,3.0,3,-1466.0
2026-05-10 23:33:25,267,6,6,2,5,0,10,5,10,3,3.3,3,-1163.0
2026-05-10 23:33:26,270,6,2,2,5,0,10,5,10,3,3.6,3,-759.0
2026-05-10 23:33:26,273,3,2,1,5,0,10,5,10,3,3.9,3,-733.0
2026-05-10 23:33:26,276,3,2,1,5,0,10,5,10,3,4.2,3,-733.0
2026-05-10 23:33:26,279,5,0,1,6,0,10,5,10,3,4.5,3,-632.0
2026-05-10 23:33:27,282,5,0,1,4,0,10,5,10,3,4.8,3,-430.0
2026-05-10 23:33:27,285,5,0,1,4,0,10,5,10,3,5.1,3,-430.0
2026-05-10 23:33:27,288,5,0,1,4,0,10,5,10,3,5.4,3,-430.0
2026-05-10 23:33:28,291,5,0,1,4,0,10,5,10,3,5.7,3,-430.0
2026-05-10 23:33:28,294,6,0,1,4,0,10,5,10,3,6.0,3,-430.0
2026-05-10 23:33:28,297,6,0,2,4,0,10,5,10,3,6.3,3,-456.0
2026-05-10 23:33:29,303,6,0,2,4,0,12,6,12,3,0.3,3,-654.0
2026-05-10 23:33:29,306,5,0,2,4,0,12,6,12,3,0.6,3,-654.0
2026-05-10 23:33:29,309,4,0,2,4,0,12,6,12,3,0.9,3,-654.0
2026-05-10 23:33:33,345,0,0,0,3,0,34,17,34,3,0.3,3,-3471.0
2026-05-10 23:33:33,348,0,0,0,3,0,34,17,34,3,0.6,3,-3471.0
2026-05-10 23:33:33,351,0,0,0,3,0,34,17,34,3,0.9,3,-3471.0
2026-05-10 23:33:34,354,0,0,0,2,0,34,17,34,3,1.2,3,-2314.0
2026-05-10 23:33:34,357,0,0,0,1,0,34,17,34,3,1.5,3,-1157.0
2026-05-10 23:33:34,360,0,0,1,1,0,34,17,34,3,1.8,3,-1447.0
2026-05-10 23:33:35,369,0,0,3,0,2,38,0,38,1,0.3,1,-0.0
2026-05-10 23:33:35,372,0,0,3,0,2,38,0,38,1,0.6,1,-0.0
2026-05-10 23:33:36,375,1,0,3,0,2,38,0,38,1,0.9,1,-5.0
2026-05-10 23:33:36,378,1,0,3,0,2,38,0,38,1,1.2,1,-5.0
2026-05-10 23:33:36,381,1,0,3,0,2,38,0,38,1,1.5,1,-5.0
2026-05-10 23:33:37,384,1,0,3,0,2,38,0,38,1,1.8,1,-5.0
2026-05-10 23:33:37,387,1,0,3,0,2,38,0,38,1,2.1,1,-5.0
2026-05-10 23:33:37,390,1,0,3,0,2,38,0,38,1,2.4,1,-5.0
2026-05-10 23:33:37,393,1,0,3,0,2,38,0,38,1,2.7,1,-5.0
2026-05-10 23:33:38,396,1,0,2,0,2,38,0,38,1,3.0,1,-5.0
2026-05-10 23:33:38,399,1,0,2,0,2,38,0,38,1,3.3,1,-5.0
2026-05-10 23:33:38,402,1,0,1,0,2,38,0,38,1,3.6,1,-5.0
2026-05-10 23:33:39,405,1,0,1,0,2,38,0,38,1,3.9,1,-5.0
2026-05-10 23:33:39,408,0,0,0,0,2,38,0,38,1,4.2,1,-0.0
2026-05-10 23:33:39,411,0,0,0,0,2,38,0,38,1,4.5,1,-0.0
2026-05-10 23:33:39,414,0,0,0,0,2,38,0,38,1,4.8,1,-0.0
2026-05-10 23:33:40,417,0,0,0,0,2,38,0,38,1,5.1,1,-0.0
2026-05-10 23:33:40,420,0,0,0,0,2,38,0,38,1,5.4,1,-0.0
2026-05-10 23:33:40,423,0,0,0,0,2,38,0,38,1,5.7,1,-0.0
2026-05-10 23:33:41,426,0,0,0,0,2,38,0,38,1,6.0,1,-0.0
2026-05-10 23:33:41,429,0,0,0,0,2,38,0,38,1,6.3,1,-0.0
2026-05-10 23:33:41,432,0,1,0,0,2,38,0,38,1,6.6,1,-1445.0
2026-05-10 23:33:41,435,0,1,0,0,2,38,0,38,1,6.9,1,-1445.0
2026-05-10 23:33:42,438,0,1,0,0,2,38,0,38,1,7.2,1,-1445.0
2026-05-10 23:33:42,441,0,2,0,0,2,38,0,38,1,7.5,1,-2890.0
2026-05-10 23:33:42,444,0,2,0,0,2,38,0,38,1,7.8,1,-2890.0
2026-05-10 23:33:43,447,0,2,0,0,2,38,0,38,1,8.1,1,-2890.0
2026-05-10 23:33:43,450,0,2,0,0,2,38,0,38,1,8.4,1,-2890.0
2026-05-10 23:33:43,453,0,2,0,0,2,38,0,38,1,8.7,1,-2890.0
2026-05-10 23:33:43,456,0,2,0,0,2,38,0,38,1,9.0,1,-2890.0
2026-05-10 23:33:44,459,0,2,0,0,2,38,0,38,1,9.3,1,-2890.0
2026-05-10 23:33:44,462,0,2,0,0,2,38,0,38,1,9.6,1,-2890.0
2026-05-10 23:33:44,465,0,2,0,0,2,38,0,38,1,9.9,1,-2890.0
2026-05-10 23:33:45,468,0,2,0,0,2,38,0,38,1,10.2,1,-2890.0
2026-05-10 23:33:45,471,0,2,0,0,2,38,0,38,1,10.5,1,-2890.0
2026-05-10 23:33:45,474,0,2,1,0,2,38,0,38,1,10.8,1,-2890.0
2026-05-10 23:33:45,477,0,2,1,0,2,38,0,38,1,11.1,1,-2890.0
2026-05-10 23:33:46,480,0,2,1,0,2,38,0,38,1,11.4,1,-2890.0
2026-05-10 23:33:46,483,0,2,1,0,2,38,0,38,1,11.7,1,-2890.0
2026-05-10 23:33:46,486,0,2,1,0,2,38,0,38,1,12.0,1,-2890.0
2026-05-10 23:33:47,489,0,2,1,0,2,38,0,38,1,12.3,1,-2890.0
2026-05-10 23:33:47,492,0,2,1,0,2,38,0,38,1,12.6,1,-2890.0
2026-05-10 23:33:47,495,0,2,1,2,2,38,0,38,1,12.9,1,-5780.0
2026-05-10 23:33:47,498,0,4,1,2,2,38,0,38,1,13.2,1,-8670.0
2026-05-10 23:33:48,501,0,3,1,1,2,38,0,38,1,13.5,1,-5780.0
2026-05-10 23:33:48,504,0,3,1,1,2,38,0,38,1,13.8,1,-5780.0
2026-05-10 23:33:48,507,0,3,1,1,2,38,0,38,1,14.1,1,-5780.0
2026-05-10 23:33:49,510,0,3,0,1,2,38,0,38,1,14.4,1,-5780.0
2026-05-10 23:33:49,513,0,3,0,4,2,38,0,38,1,14.7,1,-10115.0
2026-05-10 23:33:49,516,0,3,0,4,2,38,0,38,1,15.0,1,-10115.0
2026-05-10 23:33:50,519,0,3,0,4,2,38,0,38,1,15.3,1,-10115.0
2026-05-10 23:33:50,522,0,3,0,4,2,38,0,38,1,15.6,1,-10115.0
2026-05-10 23:33:50,525,0,1,0,4,2,38,0,38,1,15.9,1,-7225.0
2026-05-10 23:33:51,528,0,1,0,4,2,38,0,38,1,16.2,1,-7225.0
2026-05-10 23:33:51,531,0,0,0,4,2,38,0,38,1,16.5,1,-5780.0
2026-05-10 23:33:51,534,0,0,0,4,2,38,0,38,1,16.8,1,-5780.0
2026-05-10 23:33:51,537,2,0,0,3,2,38,0,38,1,17.1,1,-4345.0
2026-05-10 23:33:52,540,2,0,0,5,2,38,0,38,1,17.4,1,-7235.0
2026-05-10 23:33:52,543,2,0,0,5,2,38,0,38,1,17.7,1,-7235.0
2026-05-10 23:33:52,546,3,0,0,5,2,38,0,38,1,18.0,1,-7240.0
2026-05-10 23:33:55,570,1,0,0,3,0,52,7,52,3,0.3,3,-8115.0
2026-05-10 23:33:55,573,1,0,0,0,0,52,7,52,3,0.6,3,-0.0
2026-05-10 23:33:55,576,1,0,0,0,0,52,7,52,3,0.9,3,-0.0
2026-05-10 23:33:55,579,1,0,0,0,0,52,7,52,3,1.2,3,-0.0
2026-05-10 23:33:56,582,1,0,0,0,0,52,7,52,3,1.5,3,-0.0
2026-05-10 23:33:56,585,1,0,0,0,0,52,7,52,3,1.8,3,-0.0
2026-05-10 23:33:56,588,1,0,0,0,0,52,7,52,3,2.1,3,-0.0
2026-05-10 23:33:57,591,1,0,0,0,0,52,7,52,3,2.4,3,-0.0
2026-05-10 23:33:57,594,1,0,0,0,0,52,7,52,3,2.7,3,-0.0
2026-05-10 23:33:57,597,1,0,0,0,0,52,7,52,3,3.0,3,-0.0
2026-05-10 23:33:58,600,1,0,0,0,0,52,7,52,3,3.3,3,-0.0
2026-05-10 23:33:58,603,0,0,0,0,0,52,7,52,3,3.6,3,-0.0
2026-05-10 23:33:58,606,0,0,0,0,0,52,7,52,3,3.9,3,-0.0
2026-05-10 23:33:58,609,0,0,0,0,0,52,7,52,3,4.2,3,-0.0
2026-05-10 23:33:59,612,0,0,0,0,0,52,7,52,3,4.5,3,-0.0
2026-05-10 23:33:59,615,0,0,0,0,0,52,7,52,3,4.8,3,-0.0
2026-05-10 23:33:59,618,0,0,0,0,0,52,7,52,3,5.1,3,-0.0
2026-05-10 23:34:00,621,0,0,0,0,0,52,7,52,3,5.4,3,-0.0
2026-05-10 23:34:00,624,0,0,0,0,0,52,7,52,3,5.7,3,-0.0
2026-05-10 23:34:00,627,0,0,0,0,0,52,7,52,3,6.0,3,-0.0
2026-05-10 23:34:00,630,1,0,0,0,0,52,7,52,3,6.3,3,-0.0
2026-05-10 23:34:01,633,0,0,0,0,0,52,7,52,3,6.6,3,-0.0
2026-05-10 23:34:01,636,0,0,0,0,0,52,7,52,3,6.9,3,-0.0
2026-05-10 23:34:01,639,0,0,0,0,0,52,7,52,3,7.2,3,-0.0
2026-05-10 23:34:02,642,0,0,0,0,0,52,7,52,3,7.5,3,-0.0
2026-05-10 23:34:02,645,0,0,0,0,0,52,7,52,3,7.8,3,-0.0
2026-05-10 23:34:02,648,0,0,0,0,0,52,7,52,3,8.1,3,-0.0
2026-05-10 23:34:02,651,0,0,1,0,0,52,7,52,3,8.4,3,-50.0
2026-05-10 23:34:03,654,0,0,1,0,0,52,7,52,3,8.7,3,-50.0
2026-05-10 23:34:03,657,0,0,1,0,0,52,7,52,3,9.0,3,-50.0
2026-05-10 23:34:03,660,0,0,1,0,0,52,7,52,3,9.3,3,-50.0
2026-05-10 23:34:04,663,0,0,1,0,0,52,7,52,3,9.6,3,-50.0
2026-05-10 23:34:04,666,0,0,1,0,0,52,7,52,3,9.9,3,-50.0
2026-05-10 23:34:04,669,0,0,1,0,0,52,7,52,3,10.2,3,-50.0
2026-05-10 23:34:04,672,0,0,1,0,0,52,7,52,3,10.5,3,-50.0
2026-05-10 23:34:05,675,0,0,1,0,0,52,7,52,3,10.8,3,-50.0
2026-05-10 23:34:05,678,0,0,1,0,0,52,7,52,3,11.1,3,-50.0
2026-05-10 23:34:05,681,0,0,1,0,0,52,7,52,3,11.4,3,-50.0
2026-05-10 23:34:06,684,0,0,1,0,0,52,7,52,3,11.7,3,-50.0
2026-05-10 23:34:06,687,0,0,1,0,0,52,7,52,3,12.0,3,-50.0
2026-05-10 23:34:06,690,0,0,1,0,0,52,7,52,3,12.3,3,-50.0
2026-05-10 23:34:06,693,0,0,0,0,0,52,7,52,3,12.6,3,-0.0
2026-05-10 23:34:07,696,0,0,0,0,0,52,7,52,3,12.9,3,-0.0
2026-05-10 23:34:07,699,0,0,0,0,0,52,7,52,3,13.2,3,-0.0
2026-05-10 23:34:07,702,0,0,0,0,0,52,7,52,3,13.5,3,-0.0
2026-05-10 23:34:08,705,0,0,0,0,0,52,7,52,3,13.8,3,-0.0
2026-05-10 23:34:08,708,0,0,0,0,0,52,7,52,3,14.1,3,-0.0
2026-05-10 23:34:08,711,0,0,0,0,0,52,7,52,3,14.4,3,-0.0
2026-05-10 23:34:08,714,0,0,0,0,0,52,7,52,3,14.7,3,-0.0
2026-05-10 23:34:09,717,0,0,0,0,0,52,7,52,3,15.0,3,-0.0
2026-05-10 23:34:09,720,0,0,0,0,0,52,7,52,3,15.3,3,-0.0
2026-05-10 23:34:09,723,0,0,0,0,0,52,7,52,3,15.6,3,-0.0
2026-05-10 23:34:10,726,0,0,0,0,0,52,7,52,3,15.9,3,-0.0
2026-05-10 23:34:10,729,0,0,0,0,0,52,7,52,3,16.2,3,-0.0
2026-05-10 23:34:10,732,0,0,0,0,0,52,7,52,3,16.5,3,-0.0
2026-05-10 23:34:10,735,0,0,0,0,0,52,7,52,3,16.8,3,-0.0
2026-05-10 23:34:11,738,0,0,0,0,0,52,7,52,3,17.1,3,-0.0
2026-05-10 23:34:11,741,0,0,0,0,0,52,7,52,3,17.4,3,-0.0
2026-05-10 23:34:11,744,0,0,0,0,0,52,7,52,3,17.7,3,-0.0
2026-05-10 23:34:11,747,0,0,0,0,0,52,7,52,3,18.0,3,-0.0
2026-05-10 23:34:12,750,0,0,0,0,0,52,7,52,3,18.3,3,-0.0
2026-05-10 23:34:12,753,0,0,0,0,0,52,7,52,3,18.6,3,-0.0
2026-05-10 23:34:12,756,0,0,0,0,0,52,7,52,3,18.9,3,-0.0
2026-05-10 23:34:13,759,0,0,0,0,0,52,7,52,3,19.2,3,-0.0
2026-05-10 23:34:13,762,0,0,0,0,0,52,7,52,3,19.5,3,-0.0
2026-05-10 23:34:13,765,0,0,0,0,0,52,7,52,3,19.8,3,-0.0
2026-05-10 23:34:14,768,0,0,0,0,0,52,7,52,3,20.1,3,-0.0
2026-05-10 23:34:14,771,0,0,0,0,0,52,7,52,3,20.4,3,-0.0
2026-05-10 23:34:14,774,0,0,0,0,0,52,7,52,3,20.7,3,-0.0
2026-05-10 23:34:14,777,0,0,1,0,0,52,7,52,3,21.0,3,-50.0
2026-05-10 23:34:15,780,0,0,1,0,0,52,7,52,3,21.3,3,-50.0
2026-05-10 23:34:15,783,0,0,1,0,0,52,7,52,3,21.6,3,-50.0
2026-05-10 23:34:15,786,0,0,1,0,0,52,7,52,3,21.9,3,-50.0
2026-05-10 23:34:16,789,0,0,1,0,0,52,7,52,3,22.2,3,-50.0
2026-05-10 23:34:16,792,0,0,1,0,0,52,7,52,3,22.5,3,-50.0
2026-05-10 23:34:16,795,0,0,1,0,0,52,7,52,3,22.8,3,-50.0
2026-05-10 23:34:16,798,0,0,1,0,0,52,7,52,3,23.1,3,-50.0
2026-05-10 23:34:17,801,0,0,1,0,0,52,7,52,3,23.4,3,-50.0
2026-05-10 23:34:17,804,0,0,1,0,0,52,7,52,3,23.7,3,-50.0
2026-05-10 23:34:17,807,0,0,1,0,0,52,7,52,3,24.0,3,-50.0
2026-05-10 23:34:18,810,0,0,1,0,0,52,7,52,3,24.3,3,-50.0
2026-05-10 23:34:18,813,0,0,1,0,0,52,7,52,3,24.6,3,-50.0
2026-05-10 23:34:18,816,0,0,0,0,0,52,7,52,3,24.9,3,-0.0
2026-05-10 23:34:18,819,0,0,0,0,0,52,7,52,3,25.2,3,-0.0
2026-05-10 23:34:19,822,0,0,0,0,0,52,7,52,3,25.5,3,-0.0
2026-05-10 23:34:19,825,0,0,0,0,0,52,7,52,3,25.8,3,-0.0
2026-05-10 23:34:19,828,0,0,0,0,0,52,7,52,3,26.1,3,-0.0
2026-05-10 23:34:20,831,0,0,0,0,0,52,7,52,3,26.4,3,-0.0
2026-05-10 23:34:20,834,0,0,0,1,0,52,7,52,3,26.7,3,-2705.0
2026-05-10 23:34:20,837,0,0,0,1,0,52,7,52,3,27.0,3,-2705.0
2026-05-10 23:34:20,840,0,0,0,1,0,52,7,52,3,27.3,3,-2705.0
2026-05-10 23:34:21,843,0,0,0,1,0,52,7,52,3,27.6,3,-2705.0
2026-05-10 23:34:21,846,1,0,0,1,0,52,7,52,3,27.9,3,-2705.0
2026-05-10 23:34:21,849,1,0,0,1,0,52,7,52,3,28.2,3,-2705.0
2026-05-10 23:34:22,852,1,0,0,1,0,52,7,52,3,28.5,3,-2705.0
2026-05-10 23:34:22,855,1,0,0,1,0,52,7,52,3,28.8,3,-2705.0
2026-05-10 23:34:22,858,1,0,0,1,0,52,7,52,3,29.1,3,-2705.0
2026-05-10 23:34:22,861,1,0,0,1,0,52,7,52,3,29.4,3,-2705.0
2026-05-10 23:34:23,864,1,0,0,1,0,52,7,52,3,29.7,3,-2705.0
2026-05-10 23:34:23,867,1,0,0,0,0,52,7,52,3,30.0,3,-0.0
2026-05-10 23:34:23,870,1,0,0,0,0,52,7,52,3,30.3,3,-0.0
2026-05-10 23:34:24,873,1,0,0,0,0,52,7,52,3,30.6,3,-0.0
2026-05-10 23:34:24,876,1,0,0,0,0,52,7,52,3,30.9,3,-0.0
2026-05-10 23:34:24,879,0,0,0,0,0,52,7,52,3,31.2,3,-0.0
2026-05-10 23:34:24,882,0,0,0,0,0,52,7,52,3,31.5,3,-0.0
2026-05-10 23:34:25,885,1,0,0,0,0,52,7,52,3,31.8,3,-0.0
2026-05-10 23:34:25,888,1,0,0,0,0,52,7,52,3,32.1,3,-0.0
2026-05-10 23:34:25,891,1,0,0,0,0,52,7,52,3,32.4,3,-0.0
2026-05-10 23:34:26,894,1,0,0,0,0,52,7,52,3,32.7,3,-0.0
2026-05-10 23:34:26,897,1,0,0,0,0,52,7,52,3,33.0,3,-0.0
2026-05-10 23:34:26,900,1,0,0,0,0,52,7,52,3,33.3,3,-0.0
2026-05-10 23:34:27,903,1,0,2,0,0,52,7,52,3,33.6,3,-100.0
2026-05-10 23:34:27,906,1,0,2,0,0,52,7,52,3,33.9,3,-100.0
2026-05-10 23:34:27,909,1,0,3,0,0,52,7,52,3,34.2,3,-150.0
2026-05-10 23:34:27,912,1,0,3,0,0,52,7,52,3,34.5,3,-150.0
2026-05-10 23:34:28,915,1,0,3,0,0,52,7,52,3,34.8,3,-150.0
2026-05-10 23:34:28,918,2,0,3,0,0,52,7,52,3,35.1,3,-150.0
2026-05-10 23:34:28,921,2,0,3,0,0,52,7,52,3,35.4,3,-150.0
2026-05-10 23:34:29,924,2,0,3,0,0,52,7,52,3,35.7,3,-150.0
2026-05-10 23:34:29,927,2,0,3,0,0,52,7,52,3,36.0,3,-150.0
2026-05-10 23:34:29,930,2,0,3,0,0,52,7,52,3,36.3,3,-150.0
2026-05-10 23:34:29,933,2,0,3,0,0,52,7,52,3,36.6,3,-150.0
2026-05-10 23:34:30,936,2,0,2,0,0,52,7,52,3,36.9,3,-100.0
2026-05-10 23:34:30,939,2,0,1,1,0,52,7,52,3,37.2,3,-2755.0
2026-05-10 23:34:30,942,2,0,0,1,0,52,7,52,3,37.5,3,-2705.0
2026-05-10 23:34:31,945,2,0,0,2,0,52,7,52,3,37.8,3,-5410.0
2026-05-10 23:34:31,948,2,0,0,2,0,52,7,52,3,38.1,3,-5410.0
2026-05-10 23:34:31,951,0,0,0,2,0,52,7,52,3,38.4,3,-5410.0
2026-05-10 23:34:31,954,0,0,0,2,0,52,7,52,3,38.7,3,-5410.0
2026-05-10 23:34:32,957,0,0,0,3,0,52,7,52,3,39.0,3,-8115.0
2026-05-10 23:34:32,960,0,0,0,3,0,52,7,52,3,39.3,3,-8115.0
2026-05-10 23:34:32,963,0,0,0,4,0,52,7,52,3,39.6,3,-10820.0
2026-05-10 23:34:33,966,0,0,0,4,0,52,7,52,3,39.9,3,-10820.0
2026-05-10 23:34:33,969,0,0,0,4,0,52,7,52,3,40.2,3,-10820.0
2026-05-10 23:34:33,972,0,0,0,4,0,52,7,52,3,40.5,3,-10820.0
2026-05-10 23:34:33,975,0,0,0,4,0,52,7,52,3,40.8,3,-10820.0
2026-05-10 23:34:34,978,0,0,0,4,0,52,7,52,3,41.1,3,-10820.0
2026-05-10 23:34:34,981,0,0,0,4,0,52,7,52,3,41.4,3,-10820.0
2026-05-10 23:34:34,984,0,0,0,4,0,52,7,52,3,41.7,3,-10820.0
2026-05-10 23:34:35,987,0,0,0,4,0,52,7,52,3,42.0,3,-10820.0
2026-05-10 23:34:35,990,0,0,0,4,0,52,7,52,3,42.3,3,-10820.0
2026-05-10 23:34:35,993,0,0,0,4,0,52,7,52,3,42.6,3,-10820.0
2026-05-10 23:34:35,996,0,0,0,4,0,52,7,52,3,42.9,3,-10820.0
2026-05-10 23:34:36,999,0,0,0,4,0,52,7,52,3,43.2,3,-10820.0
2026-05-10 23:34:36,1002,0,0,0,4,0,52,7,52,3,43.5,3,-10820.0
2026-05-10 23:34:36,1005,0,0,0,4,0,52,7,52,3,43.8,3,-10820.0
2026-05-10 23:34:37,1008,0,0,0,4,0,52,7,52,3,44.1,3,-10820.0
2026-05-10 23:34:37,1011,0,0,0,4,0,52,7,52,3,44.4,3,-10820.0
2026-05-10 23:34:37,1014,0,0,0,4,0,52,7,52,3,44.7,3,-10820.0
2026-05-10 23:34:37,1017,0,0,0,3,0,52,7,52,3,45.0,3,-8115.0
2026-05-10 23:34:38,1020,0,0,0,3,0,52,7,52,3,45.3,3,-8115.0
2026-05-10 23:34:38,1023,0,0,0,2,0,52,7,52,3,45.6,3,-5410.0
2026-05-10 23:34:38,1026,0,0,0,2,0,52,7,52,3,45.9,3,-5410.0
2026-05-10 23:34:39,1029,0,0,0,2,0,52,7,52,3,46.2,3,-5410.0
2026-05-10 23:34:39,1032,0,0,0,2,0,52,7,52,3,46.5,3,-5410.0
2026-05-10 23:34:39,1035,0,0,1,2,0,52,7,52,3,46.8,3,-5460.0
2026-05-10 23:34:39,1038,1,0,1,1,0,52,7,52,3,47.1,3,-2755.0
2026-05-10 23:34:40,1041,1,0,1,1,0,52,7,52,3,47.4,3,-2755.0
2026-05-10 23:34:40,1044,1,0,1,1,0,52,7,52,3,47.7,3,-2755.0
2026-05-10 23:34:40,1047,1,0,1,0,0,52,7,52,3,48.0,3,-50.0
2026-05-10 23:34:41,1050,1,0,1,0,0,52,7,52,3,48.3,3,-50.0
2026-05-10 23:34:41,1053,1,0,1,0,0,52,7,52,3,48.6,3,-50.0
2026-05-10 23:34:41,1056,1,0,1,0,0,52,7,52,3,48.9,3,-50.0
2026-05-10 23:34:41,1059,1,0,1,0,0,52,7,52,3,49.2,3,-50.0
2026-05-10 23:34:42,1062,1,0,1,0,0,52,7,52,3,49.5,3,-50.0
2026-05-10 23:34:42,1065,1,0,1,0,0,52,7,52,3,49.8,3,-50.0
2026-05-10 23:34:42,1068,1,0,0,0,0,52,7,52,3,50.1,3,-0.0
2026-05-10 23:34:43,1071,0,0,0,0,0,52,7,52,3,50.4,3,-0.0
2026-05-10 23:34:43,1074,1,0,0,0,0,52,7,52,3,50.7,3,-0.0
2026-05-10 23:34:43,1077,1,0,0,0,0,52,7,52,3,51.0,3,-0.0
2026-05-10 23:34:43,1080,1,0,0,0,0,52,7,52,3,51.3,3,-0.0
2026-05-10 23:34:44,1083,1,0,0,0,0,52,7,52,3,51.6,3,-0.0
2026-05-10 23:34:44,1086,1,0,0,0,0,52,7,52,3,51.9,3,-0.0
2026-05-10 23:34:44,1089,1,0,0,0,0,52,7,52,3,52.2,3,-0.0
2026-05-10 23:34:45,1092,1,0,1,0,0,52,7,52,3,52.5,3,-50.0
2026-05-10 23:34:45,1095,1,0,1,0,0,52,7,52,3,52.8,3,-50.0
2026-05-10 23:34:45,1098,1,0,1,0,0,52,7,52,3,53.1,3,-50.0
2026-05-10 23:34:45,1101,1,0,1,0,0,52,7,52,3,53.4,3,-50.0
2026-05-10 23:34:46,1104,1,0,1,0,0,52,7,52,3,53.7,3,-50.0
2026-05-10 23:34:46,1107,0,0,1,0,0,52,7,52,3,54.0,3,-50.0
2026-05-10 23:34:46,1110,0,0,1,0,0,52,7,52,3,54.3,3,-50.0
2026-05-10 23:34:47,1113,0,0,1,0,0,52,7,52,3,54.6,3,-50.0
2026-05-10 23:34:47,1116,0,0,1,0,0,52,7,52,3,54.9,3,-50.0
2026-05-10 23:34:47,1119,0,0,1,0,0,52,7,52,3,55.2,3,-50.0
2026-05-10 23:34:47,1122,0,0,1,0,0,52,7,52,3,55.5,3,-50.0
2026-05-10 23:34:48,1125,0,0,1,0,0,52,7,52,3,55.8,3,-50.0
2026-05-10 23:34:48,1128,0,0,1,0,0,52,7,52,3,56.1,3,-50.0
2026-05-10 23:34:48,1131,0,0,1,0,0,52,7,52,3,56.4,3,-50.0
2026-05-10 23:34:49,1134,0,0,2,0,0,52,7,52,3,56.7,3,-100.0
2026-05-10 23:34:49,1137,0,0,1,2,0,52,7,52,3,57.0,3,-5460.0
2026-05-10 23:34:49,1140,0,0,1,2,0,52,7,52,3,57.3,3,-5460.0
2026-05-10 23:34:49,1143,0,0,1,2,0,52,7,52,3,57.6,3,-5460.0
2026-05-10 23:34:50,1146,0,0,1,2,0,52,7,52,3,57.9,3,-5460.0
2026-05-10 23:34:50,1149,0,0,1,2,0,52,7,52,3,58.2,3,-5460.0
2026-05-10 23:34:50,1152,0,0,1,3,0,52,7,52,3,58.5,3,-8165.0
2026-05-10 23:34:51,1155,0,0,1,4,0,52,7,52,3,58.8,3,-10870.0
2026-05-10 23:34:51,1158,0,0,1,4,0,52,7,52,3,59.1,3,-10870.0
2026-05-10 23:34:51,1161,0,0,1,3,0,52,7,52,3,59.4,3,-8165.0
2026-05-10 23:34:51,1164,0,0,0,3,0,52,7,52,3,59.7,3,-8115.0
2026-05-10 23:34:52,1167,0,0,0,3,0,52,7,52,3,60.0,3,-8115.0
2026-05-10 23:34:52,1170,0,0,0,3,0,52,7,52,3,60.3,3,-8115.0
2026-05-10 23:34:52,1173,0,0,0,3,0,52,7,52,3,60.6,3,-8115.0
2026-05-10 23:34:53,1176,0,0,0,3,0,52,7,52,3,60.9,3,-8115.0
2026-05-10 23:34:53,1179,0,0,0,3,0,52,7,52,3,61.2,3,-8115.0
2026-05-10 23:34:53,1182,0,0,0,3,0,52,7,52,3,61.5,3,-8115.0
2026-05-10 23:34:54,1185,0,0,0,3,0,52,7,52,3,61.8,3,-8115.0
2026-05-10 23:34:54,1188,0,0,0,2,0,52,7,52,3,62.1,3,-5410.0
2026-05-10 23:34:54,1191,0,0,0,2,0,52,7,52,3,62.4,3,-5410.0
2026-05-10 23:34:54,1194,0,0,0,2,0,52,7,52,3,62.7,3,-5410.0
2026-05-10 23:34:55,1197,0,0,0,2,0,52,7,52,3,63.0,3,-5410.0
2026-05-10 23:34:55,1200,0,0,0,1,0,52,7,52,3,63.3,3,-2705.0
2026-05-10 23:34:55,1203,0,0,0,0,0,52,7,52,3,63.6,3,-0.0
2026-05-10 23:34:56,1206,0,0,0,0,0,52,7,52,3,63.9,3,-0.0
2026-05-10 23:34:56,1209,0,0,0,0,0,52,7,52,3,64.2,3,-0.0
2026-05-10 23:34:56,1212,0,0,0,0,0,52,7,52,3,64.5,3,-0.0
2026-05-10 23:34:57,1215,0,0,0,0,0,52,7,52,3,64.8,3,-0.0
2026-05-10 23:34:57,1218,0,0,0,0,0,52,7,52,3,65.1,3,-0.0
2026-05-10 23:34:57,1221,0,0,0,0,0,52,7,52,3,65.4,3,-0.0
2026-05-10 23:34:58,1224,0,0,0,0,0,52,7,52,3,65.7,3,-0.0
2026-05-10 23:34:58,1227,0,0,0,0,0,52,7,52,3,66.0,3,-0.0
2026-05-10 23:34:58,1230,0,0,0,0,0,52,7,52,3,66.3,3,-0.0
2026-05-10 23:34:58,1233,0,0,0,0,0,52,7,52,3,66.6,3,-0.0
2026-05-10 23:34:59,1236,0,0,0,0,0,52,7,52,3,66.9,3,-0.0
2026-05-10 23:34:59,1239,0,0,0,0,0,52,7,52,3,67.2,3,-0.0
2026-05-10 23:34:59,1242,0,0,0,0,0,52,7,52,3,67.5,3,-0.0
2026-05-10 23:35:00,1245,0,0,0,0,0,52,7,52,3,67.8,3,-0.0
2026-05-10 23:35:00,1248,0,0,0,0,0,52,7,52,3,68.1,3,-0.0
2026-05-10 23:35:00,1251,0,0,0,0,0,52,7,52,3,68.4,3,-0.0
2026-05-10 23:35:00,1254,0,0,0,0,0,52,7,52,3,68.7,3,-0.0
2026-05-10 23:35:01,1257,0,0,0,0,0,52,7,52,3,69.0,3,-0.0
2026-05-10 23:35:01,1260,0,0,0,0,0,52,7,52,3,69.3,3,-0.0
2026-05-10 23:35:01,1263,0,0,0,0,0,52,7,52,3,69.6,3,-0.0
2026-05-10 23:35:02,1266,0,0,0,0,0,52,7,52,3,69.9,3,-0.0
2026-05-10 23:35:02,1269,0,0,0,0,0,52,7,52,3,70.2,3,-0.0
2026-05-10 23:35:02,1272,0,0,0,0,0,52,7,52,3,70.5,3,-0.0
2026-05-10 23:35:02,1275,0,0,0,0,0,52,7,52,3,70.8,3,-0.0
2026-05-10 23:35:03,1278,0,0,0,0,0,52,7,52,3,71.1,3,-0.0
2026-05-10 23:35:03,1281,0,0,0,1,0,52,7,52,3,71.4,3,-2705.0
2026-05-10 23:35:03,1284,0,0,0,2,0,52,7,52,3,71.7,3,-5410.0
2026-05-10 23:35:04,1287,0,0,0,2,0,52,7,52,3,72.0,3,-5410.0
2026-05-10 23:35:04,1290,0,0,0,2,0,52,7,52,3,72.3,3,-5410.0
2026-05-10 23:35:04,1293,0,0,0,2,0,52,7,52,3,72.6,3,-5410.0
2026-05-10 23:35:04,1296,0,0,0,2,0,52,7,52,3,72.9,3,-5410.0
2026-05-10 23:35:05,1299,0,0,0,2,0,52,7,52,3,73.2,3,-5410.0
2026-05-10 23:35:05,1302,0,0,0,2,0,52,7,52,3,73.5,3,-5410.0
2026-05-10 23:35:05,1305,0,0,0,3,0,52,7,52,3,73.8,3,-8115.0
2026-05-10 23:35:06,1308,0,0,0,3,0,52,7,52,3,74.1,3,-8115.0
2026-05-10 23:35:06,1311,0,0,0,3,0,52,7,52,3,74.4,3,-8115.0
2026-05-10 23:35:06,1314,0,0,0,3,0,52,7,52,3,74.7,3,-8115.0
2026-05-10 23:35:06,1317,0,0,0,3,0,52,7,52,3,75.0,3,-8115.0
2026-05-10 23:35:07,1320,0,0,0,3,0,52,7,52,3,75.3,3,-8115.0
2026-05-10 23:35:07,1323,0,0,0,3,0,52,7,52,3,75.6,3,-8115.0
2026-05-10 23:35:07,1326,0,0,0,3,0,52,7,52,3,75.9,3,-8115.0
2026-05-10 23:35:08,1329,0,0,0,3,0,52,7,52,3,76.2,3,-8115.0
2026-05-10 23:35:08,1332,0,0,0,3,0,52,7,52,3,76.5,3,-8115.0
2026-05-10 23:35:08,1335,0,0,0,3,0,52,7,52,3,76.8,3,-8115.0
2026-05-10 23:35:08,1338,0,0,0,3,0,52,7,52,3,77.1,3,-8115.0
2026-05-10 23:35:09,1341,0,0,0,3,0,52,7,52,3,77.4,3,-8115.0
2026-05-10 23:35:09,1344,0,0,0,3,0,52,7,52,3,77.7,3,-8115.0
2026-05-10 23:35:09,1347,0,0,0,3,0,52,7,52,3,78.0,3,-8115.0
2026-05-10 23:35:10,1350,0,0,0,3,0,52,7,52,3,78.3,3,-8115.0
2026-05-10 23:35:10,1353,0,0,0,3,0,52,7,52,3,78.6,3,-8115.0
2026-05-10 23:35:10,1356,0,1,0,3,0,52,7,52,3,78.9,3,-10820.0
2026-05-10 23:35:10,1359,0,1,0,3,0,52,7,52,3,79.2,3,-10820.0
2026-05-10 23:35:11,1362,0,1,0,3,0,52,7,52,3,79.5,3,-10820.0
2026-05-10 23:35:11,1365,0,1,0,4,0,52,7,52,3,79.8,3,-13525.0
2026-05-10 23:35:11,1368,0,1,0,4,0,52,7,52,3,80.1,3,-13525.0
2026-05-10 23:35:12,1371,0,1,0,3,0,52,7,52,3,80.4,3,-10820.0
2026-05-10 23:35:12,1374,0,1,0,3,0,52,7,52,3,80.7,3,-10820.0
2026-05-10 23:35:12,1377,0,1,0,3,0,52,7,52,3,81.0,3,-10820.0
2026-05-10 23:35:12,1380,0,1,0,3,0,52,7,52,3,81.3,3,-10820.0
2026-05-10 23:35:13,1383,0,1,0,3,0,52,7,52,3,81.6,3,-10820.0
2026-05-10 23:35:13,1386,0,1,0,3,0,52,7,52,3,81.9,3,-10820.0
2026-05-10 23:35:13,1389,0,0,0,2,0,52,7,52,3,82.2,3,-5410.0
2026-05-10 23:35:14,1392,0,0,0,2,0,52,7,52,3,82.5,3,-5410.0
2026-05-10 23:35:14,1395,0,0,0,2,0,52,7,52,3,82.8,3,-5410.0
2026-05-10 23:35:14,1398,0,0,0,2,0,52,7,52,3,83.1,3,-5410.0
2026-05-10 23:35:14,1401,0,0,0,2,0,52,7,52,3,83.4,3,-5410.0
2026-05-10 23:35:15,1404,0,0,0,2,0,52,7,52,3,83.7,3,-5410.0
2026-05-10 23:35:15,1407,0,0,0,2,0,52,7,52,3,84.0,3,-5410.0
2026-05-10 23:35:15,1410,0,0,0,1,0,52,7,52,3,84.3,3,-2705.0
2026-05-10 23:35:16,1413,0,0,0,1,0,52,7,52,3,84.6,3,-2705.0
2026-05-10 23:35:16,1416,0,0,0,1,0,52,7,52,3,84.9,3,-2705.0
2026-05-10 23:35:16,1419,0,0,0,1,0,52,7,52,3,85.2,3,-2705.0
2026-05-10 23:35:16,1422,0,0,0,1,0,52,7,52,3,85.5,3,-2705.0
2026-05-10 23:35:17,1425,0,0,0,1,0,52,7,52,3,85.8,3,-2705.0
2026-05-10 23:35:17,1428,0,0,0,1,0,52,7,52,3,86.1,3,-2705.0
2026-05-10 23:35:17,1431,0,0,0,1,0,52,7,52,3,86.4,3,-2705.0
2026-05-10 23:35:18,1434,0,0,0,1,0,52,7,52,3,86.7,3,-2705.0
2026-05-10 23:35:18,1437,0,0,0,0,0,52,7,52,3,87.0,3,-0.0
2026-05-10 23:35:18,1440,0,0,0,0,0,52,7,52,3,87.3,3,-0.0
2026-05-10 23:35:18,1443,0,0,0,0,0,52,7,52,3,87.6,3,-0.0
2026-05-10 23:35:19,1446,0,0,0,0,0,52,7,52,3,87.9,3,-0.0
2026-05-10 23:35:19,1449,0,0,0,0,0,52,7,52,3,88.2,3,-0.0
2026-05-10 23:35:19,1452,0,0,0,0,0,52,7,52,3,88.5,3,-0.0
2026-05-10 23:35:20,1455,0,0,1,0,0,52,7,52,3,88.8,3,-50.0
2026-05-10 23:35:20,1458,0,0,1,0,0,52,7,52,3,89.1,3,-50.0
2026-05-10 23:35:20,1461,0,0,1,0,0,52,7,52,3,89.4,3,-50.0
2026-05-10 23:35:20,1464,0,0,1,0,0,52,7,52,3,89.7,3,-50.0
2026-05-10 23:35:21,1467,0,0,1,0,0,52,7,52,3,90.0,3,-50.0
2026-05-10 23:35:21,1470,0,0,2,0,0,52,7,52,3,90.3,3,-100.0
2026-05-10 23:35:21,1473,0,0,2,0,0,52,7,52,3,90.6,3,-100.0
2026-05-10 23:35:22,1476,0,0,2,1,0,52,7,52,3,90.9,3,-2805.0
2026-05-10 23:35:22,1479,0,0,2,2,0,52,7,52,3,91.2,3,-5510.0
2026-05-10 23:35:22,1482,0,0,2,3,0,52,7,52,3,91.5,3,-8215.0
2026-05-10 23:35:23,1485,0,0,2,3,0,52,7,52,3,91.8,3,-8215.0
2026-05-10 23:35:23,1488,0,0,2,3,0,52,7,52,3,92.1,3,-8215.0
2026-05-10 23:35:23,1491,0,0,2,3,0,52,7,52,3,92.4,3,-8215.0
2026-05-10 23:35:23,1494,0,0,2,3,0,52,7,52,3,92.7,3,-8215.0
2026-05-10 23:35:24,1497,0,0,2,3,0,52,7,52,3,93.0,3,-8215.0
2026-05-10 23:35:24,1500,0,0,2,3,0,52,7,52,3,93.3,3,-8215.0
2026-05-10 23:35:24,1503,0,0,0,3,0,52,7,52,3,93.6,3,-8115.0
2026-05-10 23:35:25,1506,0,0,0,3,0,52,7,52,3,93.9,3,-8115.0
2026-05-10 23:35:25,1509,0,0,0,3,0,52,7,52,3,94.2,3,-8115.0
2026-05-10 23:35:25,1512,0,0,0,2,0,52,7,52,3,94.5,3,-5410.0
2026-05-10 23:35:26,1515,0,0,0,2,0,52,7,52,3,94.8,3,-5410.0
2026-05-10 23:35:26,1518,0,0,1,2,0,52,7,52,3,95.1,3,-5460.0
2026-05-10 23:35:26,1521,0,0,1,2,0,52,7,52,3,95.4,3,-5460.0
2026-05-10 23:35:26,1524,0,0,1,2,0,52,7,52,3,95.7,3,-5460.0
2026-05-10 23:35:27,1527,0,0,1,2,0,52,7,52,3,96.0,3,-5460.0
2026-05-10 23:35:27,1530,0,0,1,1,0,52,7,52,3,96.3,3,-2755.0
2026-05-10 23:35:27,1533,0,0,1,0,0,52,7,52,3,96.6,3,-50.0
2026-05-10 23:35:28,1536,0,0,1,0,0,52,7,52,3,96.9,3,-50.0
2026-05-10 23:35:28,1539,0,0,1,0,0,52,7,52,3,97.2,3,-50.0
2026-05-10 23:35:28,1542,0,0,1,0,0,52,7,52,3,97.5,3,-50.0
2026-05-10 23:35:29,1545,0,0,1,0,0,52,7,52,3,97.8,3,-50.0
2026-05-10 23:35:29,1548,0,0,1,0,0,52,7,52,3,98.1,3,-50.0
2026-05-10 23:35:29,1551,0,0,1,0,0,52,7,52,3,98.4,3,-50.0
2026-05-10 23:35:29,1554,0,0,0,0,0,52,7,52,3,98.7,3,-0.0
2026-05-10 23:35:30,1557,0,0,0,0,0,52,7,52,3,99.0,3,-0.0
2026-05-10 23:35:30,1560,0,0,0,0,0,52,7,52,3,99.3,3,-0.0
2026-05-10 23:35:30,1563,0,0,0,0,0,52,7,52,3,99.6,3,-0.0
2026-05-10 23:35:31,1566,0,0,0,0,0,52,7,52,3,99.9,3,-0.0
2026-05-10 23:35:31,1569,0,0,0,0,0,52,7,52,3,100.2,3,-0.0
2026-05-10 23:35:31,1572,0,0,0,0,0,52,7,52,3,100.5,3,-0.0
2026-05-10 23:35:31,1575,0,0,0,0,0,52,7,52,3,100.8,3,-0.0
2026-05-10 23:35:32,1578,0,0,0,0,0,52,7,52,3,101.1,3,-0.0
2026-05-10 23:35:32,1581,0,0,0,0,0,52,7,52,3,101.4,3,-0.0
2026-05-10 23:35:32,1584,0,0,0,0,0,52,7,52,3,101.7,3,-0.0
2026-05-10 23:35:33,1587,0,0,0,0,0,52,7,52,3,102.0,3,-0.0
2026-05-10 23:35:33,1590,0,0,0,0,0,52,7,52,3,102.3,3,-0.0
2026-05-10 23:35:33,1593,0,0,0,0,0,52,7,52,3,102.6,3,-0.0
2026-05-10 23:35:34,1596,0,0,0,0,0,52,7,52,3,102.9,3,-0.0
2026-05-10 23:35:34,1599,0,0,0,0,0,52,7,52,3,103.2,3,-0.0
2026-05-10 23:35:34,1602,0,0,0,0,0,52,7,52,3,103.5,3,-0.0
2026-05-10 23:35:34,1605,0,0,0,0,0,52,7,52,3,103.8,3,-0.0
2026-05-10 23:35:35,1608,0,0,0,0,0,52,7,52,3,104.1,3,-0.0
2026-05-10 23:35:35,1611,0,0,0,0,0,52,7,52,3,104.4,3,-0.0
2026-05-10 23:35:35,1614,0,0,0,0,0,52,7,52,3,104.7,3,-0.0
2026-05-10 23:35:36,1617,0,0,0,0,0,52,7,52,3,105.0,3,-0.0
2026-05-10 23:35:36,1620,0,0,0,1,0,52,7,52,3,105.3,3,-2705.0
2026-05-10 23:35:36,1623,0,0,0,1,0,52,7,52,3,105.6,3,-2705.0
2026-05-10 23:35:36,1626,0,0,0,1,0,52,7,52,3,105.9,3,-2705.0
2026-05-10 23:35:37,1629,0,0,0,1,0,52,7,52,3,106.2,3,-2705.0
2026-05-10 23:35:37,1632,1,0,0,1,0,52,7,52,3,106.5,3,-2705.0
2026-05-10 23:35:37,1635,1,1,0,1,0,52,7,52,3,106.8,3,-5410.0
2026-05-10 23:35:38,1638,1,1,0,1,0,52,7,52,3,107.1,3,-5410.0
2026-05-10 23:35:38,1641,1,1,0,1,0,52,7,52,3,107.4,3,-5410.0
2026-05-10 23:35:38,1644,1,1,0,1,0,52,7,52,3,107.7,3,-5410.0
2026-05-10 23:35:39,1647,1,1,0,1,0,52,7,52,3,108.0,3,-5410.0
2026-05-10 23:35:39,1650,1,1,0,1,0,52,7,52,3,108.3,3,-5410.0
2026-05-10 23:35:39,1653,1,1,0,0,0,52,7,52,3,108.6,3,-2705.0
2026-05-10 23:35:39,1656,1,1,0,0,0,52,7,52,3,108.9,3,-2705.0
2026-05-10 23:35:40,1659,1,1,0,0,0,52,7,52,3,109.2,3,-2705.0
2026-05-10 23:35:40,1662,1,1,0,0,0,52,7,52,3,109.5,3,-2705.0
2026-05-10 23:35:40,1665,1,1,0,0,0,52,7,52,3,109.8,3,-2705.0
2026-05-10 23:35:41,1668,0,1,0,0,0,52,7,52,3,110.1,3,-2705.0
2026-05-10 23:35:41,1671,0,1,1,0,0,52,7,52,3,110.4,3,-2755.0
2026-05-10 23:35:41,1674,0,1,1,0,0,52,7,52,3,110.7,3,-2755.0
2026-05-10 23:35:41,1677,0,1,1,0,0,52,7,52,3,111.0,3,-2755.0
2026-05-10 23:35:42,1680,0,1,1,0,0,52,7,52,3,111.3,3,-2755.0
2026-05-10 23:35:42,1683,0,1,1,0,0,52,7,52,3,111.6,3,-2755.0
2026-05-10 23:35:42,1686,0,1,1,0,0,52,7,52,3,111.9,3,-2755.0
2026-05-10 23:35:43,1689,0,0,1,0,0,52,7,52,3,112.2,3,-50.0
2026-05-10 23:35:43,1692,0,0,1,0,0,52,7,52,3,112.5,3,-50.0
2026-05-10 23:35:43,1695,0,0,1,0,0,52,7,52,3,112.8,3,-50.0
2026-05-10 23:35:44,1698,0,0,1,0,0,52,7,52,3,113.1,3,-50.0
2026-05-10 23:35:44,1701,0,0,1,0,0,52,7,52,3,113.4,3,-50.0
2026-05-10 23:35:44,1704,0,0,0,0,0,52,7,52,3,113.7,3,-0.0
2026-05-10 23:35:44,1707,0,1,0,0,0,52,7,52,3,114.0,3,-2705.0
2026-05-10 23:35:45,1710,0,1,0,0,0,52,7,52,3,114.3,3,-2705.0
2026-05-10 23:35:45,1713,0,3,0,0,0,52,7,52,3,114.6,3,-8115.0
2026-05-10 23:35:45,1716,0,3,0,0,0,52,7,52,3,114.9,3,-8115.0
2026-05-10 23:35:46,1719,1,3,0,0,0,52,7,52,3,115.2,3,-8115.0
2026-05-10 23:35:46,1722,1,3,0,0,0,52,7,52,3,115.5,3,-8115.0
2026-05-10 23:35:46,1725,1,3,0,0,0,52,7,52,3,115.8,3,-8115.0
2026-05-10 23:35:47,1728,2,3,0,0,0,52,7,52,3,116.1,3,-8115.0
2026-05-10 23:35:50,1767,0,0,0,2,0,76,19,76,3,0.3,3,-11554.0
2026-05-10 23:35:51,1770,0,0,0,2,0,76,19,76,3,0.6,3,-11554.0
2026-05-10 23:35:51,1773,0,0,0,2,0,76,19,76,3,0.9,3,-11554.0
2026-05-10 23:35:51,1776,0,0,0,2,0,76,19,76,3,1.2,3,-11554.0
2026-05-10 23:35:52,1779,0,0,0,2,0,76,19,76,3,1.5,3,-11554.0
2026-05-10 23:35:52,1782,0,0,0,2,0,76,19,76,3,1.8,3,-11554.0
2026-05-10 23:35:52,1785,0,0,0,2,0,76,19,76,3,2.1,3,-11554.0
2026-05-10 23:35:53,1788,0,0,0,1,0,76,19,76,3,2.4,3,-5777.0
2026-05-10 23:35:53,1791,0,0,0,1,0,76,19,76,3,2.7,3,-5777.0
2026-05-10 23:35:53,1794,0,0,0,1,0,76,19,76,3,3.0,3,-5777.0
2026-05-10 23:35:53,1797,0,0,0,1,0,76,19,76,3,3.3,3,-5777.0
2026-05-10 23:35:54,1800,0,0,0,1,0,76,19,76,3,3.6,3,-5777.0
2026-05-10 23:35:54,1803,0,0,0,0,0,76,19,76,3,3.9,3,-0.0
2026-05-10 23:35:54,1806,0,1,0,0,0,76,19,76,3,4.2,3,-5777.0
2026-05-10 23:35:55,1809,0,1,2,0,0,76,19,76,3,4.5,3,-6501.0
2026-05-10 23:35:55,1812,0,1,2,0,0,76,19,76,3,4.8,3,-6501.0
2026-05-10 23:35:55,1815,0,1,3,0,0,76,19,76,3,5.1,3,-6863.0
2026-05-10 23:35:55,1818,0,1,3,0,0,76,19,76,3,5.4,3,-6863.0
2026-05-10 23:35:56,1821,0,1,3,0,0,76,19,76,3,5.7,3,-6863.0
2026-05-10 23:35:56,1824,0,1,3,0,0,76,19,76,3,6.0,3,-6863.0
2026-05-10 23:35:56,1827,0,1,3,0,0,76,19,76,3,6.3,3,-6863.0
2026-05-10 23:35:57,1830,0,1,3,0,0,76,19,76,3,6.6,3,-6863.0
2026-05-10 23:35:57,1833,0,1,3,0,0,76,19,76,3,6.9,3,-6863.0
2026-05-10 23:35:57,1836,0,1,3,0,0,76,19,76,3,7.2,3,-6863.0
2026-05-10 23:35:58,1839,0,0,4,0,0,76,19,76,3,7.5,3,-1448.0
2026-05-10 23:35:58,1842,0,0,4,0,0,76,19,76,3,7.8,3,-1448.0
2026-05-10 23:35:58,1845,0,0,4,0,0,76,19,76,3,8.1,3,-1448.0
2026-05-10 23:35:59,1848,0,0,3,0,0,76,19,76,3,8.4,3,-1086.0
2026-05-10 23:35:59,1851,0,0,2,0,0,76,19,76,3,8.7,3,-724.0
2026-05-10 23:35:59,1854,0,0,2,0,0,76,19,76,3,9.0,3,-724.0
2026-05-10 23:35:59,1857,1,0,2,0,0,76,19,76,3,9.3,3,-724.0
2026-05-10 23:36:00,1860,1,0,2,0,0,76,19,76,3,9.6,3,-724.0
2026-05-10 23:36:00,1863,1,0,2,0,0,76,19,76,3,9.9,3,-724.0
2026-05-10 23:36:00,1866,1,0,2,0,0,76,19,76,3,10.2,3,-724.0
2026-05-10 23:36:01,1869,1,0,2,0,0,76,19,76,3,10.5,3,-724.0
2026-05-10 23:36:01,1872,1,0,1,0,0,76,19,76,3,10.8,3,-362.0
2026-05-10 23:36:01,1875,1,0,0,0,0,76,19,76,3,11.1,3,-0.0
2026-05-10 23:36:02,1878,1,0,0,0,0,76,19,76,3,11.4,3,-0.0
2026-05-10 23:36:02,1881,3,0,0,0,0,76,19,76,3,11.7,3,-0.0
2026-05-10 23:36:02,1884,3,0,0,0,0,76,19,76,3,12.0,3,-0.0
2026-05-10 23:36:03,1887,3,0,0,0,0,76,19,76,3,12.3,3,-0.0
2026-05-10 23:36:03,1890,2,0,0,0,0,76,19,76,3,12.6,3,-0.0
2026-05-10 23:36:03,1893,2,0,0,0,0,76,19,76,3,12.9,3,-0.0
2026-05-10 23:36:03,1896,2,0,0,0,0,76,19,76,3,13.2,3,-0.0
2026-05-10 23:36:04,1899,2,0,0,0,0,76,19,76,3,13.5,3,-0.0
2026-05-10 23:36:04,1902,2,0,0,0,0,76,19,76,3,13.8,3,-0.0
2026-05-10 23:36:04,1905,2,0,0,0,0,76,19,76,3,14.1,3,-0.0
2026-05-10 23:36:05,1908,2,0,0,0,0,76,19,76,3,14.4,3,-0.0
2026-05-10 23:36:05,1911,2,0,0,0,0,76,19,76,3,14.7,3,-0.0
2026-05-10 23:36:05,1914,0,0,0,0,0,76,19,76,3,15.0,3,-0.0
2026-05-10 23:36:06,1917,0,0,0,0,0,76,19,76,3,15.3,3,-0.0
